id,title,content,date,tags
Karen,"
                            
                            [OKKY세미나] MS Imagine Cup 국가대표의 스타트업 도전기 - 창업 실패부터 현재 커리어를 만들기까지
                        ","
OKKY 회원 여러분 안녕하세요!6월 OKKY 세미나에 모실 발표자님은, 이미 아는 분들은 알고 계실‘늦깎이 개발자 실전 프로젝트로 성장하다 (링크)’‘5년차 안드로이드 개발자의 첫 이직 이야기 (링크)’ 의 주인공 이승민님입니다~ :)기계공학에서 컴공으로 전과3개월 간 숙식하며 준비한 Microsoft Imagine Cup에 한국 대표로 진출창업 실패 후 또다시 스타트업에 도전하여 EXIT리멤버(드라마앤컴퍼니)를 거쳐 뱅크샐러드(레이니스트)에 이르기까지“도전”이라는 단어가 정말 잘 어울리는 분이 아닐 수 없는데요~이번 OKKY 세미나에서는 창업 실패부터 현재 커리어를 만들기까지의 FULL STORY를 아낌없이 나누어주신다고 합니다!또한 발표 후에는 추가 패널 두 분 및 참석자분들과 함께 FREE TALKING을 통해 속시원한 질의응답 시간도 가질 예정이오니, 많은 참여 부탁드립니다~ :D참가 대상학생/취준생/신입/주니어 등 개발자 커리어에 관심 있으신 모든 개발자분들　발표자 및 프로그램 소개　이승민2011년부터 안드로이드 개발을 시작하여, 현재는 자산관리 서비스 ‘뱅크샐러드’의 6년차 안드로이드 개발자로 일하고 있습니다.개발 외에도 협업, 사업 등 가치를 만들어가는 일에 관심이 많습니다. 개발은 가치를 위한 수단 중 하나라고 생각합니다.개발만 잘하는 사람보다는 인생을 즐기고, 세상을 아는 사람이 되고 싶습니다. 그래서 사람 만나는 것을 좋아하며 여행, 페스티벌, 축구, 춤, 게임, 애니메이션 등 다양한 취미에 도전합니다.하고 있는 개발 관련 활동 : GDE Android Korea, Droid Nights Organizer 등 지식 공유 및 커뮤니티 활동을 활발히 하고 있습니다.1부 발표 <MS Imagine Cup 국가대표의 스타트업 도전기 - 창업 실패부터 현재 커리어를 만들기까지 (50’)>창업 실패에서 시작하여 현재 뱅크샐러드까지, 어떻게 성장하며 커리어를 만들었는지 소개합니다. 뱅크샐러드로 오면서 느끼고 배웠던 이직에 대한 생각도 나눕니다.2부 FREE TALKING (40')이승민 : 뱅크샐러드. 6년차 안드로이드 개발자노상범 : 개발자 커뮤니티 OKKY 대표 / 개발자 전문 서치펌 eBrain 대표이경일 : 네이버 메인플랫폼 개발랩, 카카오 커머스플랫폼을 거쳐 현재 네이버 비즈서비스 개발 담당　일시 및 장소　일시 : 2019년 6월 13일 (목) PM 8:00 - 9:40장소 : 마루180 - 지하1층 이벤트홀 (지도)서울시 강남구 역삼로 180 (역삼동, 790-6)(역삼역 2번 출구에서 약 700m. 지하 1층)주차는 지원되지 않습니다. 대중교통 이용 부탁드립니다.　등록 방법　참가 신청 설문지 작성 후, 아래 계좌에 참가비를 입금해주세요.참가비 : 20,000원 (입금 선착순 50명)간단한 다과가 제공됩니다.계좌 : 카카오뱅크 3333-06-5259540 / 예금주 : 조혜현등록 확인설문 작성 내용 및 입금 기록을 확인하여 매주 금요일에 참가 확정 안내 메일을 보내드립니다.설문지에 기록한 이름과 예금주가 다를 경우 hhjo@okky.kr 로 따로 알려주세요.등록 취소 신청 시점에 따른 환불 안내 (OKKY 세미나 공통)세미나 3일 전 : 등록 결제 금액의 100% 환불세미나 2일 전 : 세미나 등록 결제 금액의 50% 환불세미나 1일 전 - 세미나 당일 : 환불 불가문의 : hhjo@okky.kr참가 신청
",2019-05-24 15:56:45,"
#583610
 IT 행사
OKKY OKKY세미나 이승민 뱅크샐러드 스타트업 개발자커리어
"
OKKY,"
                            
                            OKKY 정기모임/스터디 게시판 - 유료 과외 및 수익성 프로젝트 모집 글 금지 안내
                        ","
OKKY 회원 여러분, 안녕하세요.OKKY 운영진입니다.정기모임/스터디 게시판에 올라오는 유료 과외 모집글에 대한 피드백이 지속적으로 접수되고 있습니다.정기모임/스터디 게시판은 OKKY에서 직접, 혹은 회원분들이 자발적으로 개최하시는 정기모임과 비수익성 스터디모임을 위해 만들어진 공간입니다.많은 회원분들께서 이를 잘 인지하여 사용하고 계시나, 간혹 유료 과외를 모집하거나 수익성 프로젝트에 참여할 사람을 구하는 ‘구인 활동’을 하는 분들이 계십니다.이와 같이 게시판 취지에 맞지 않는 게시글은, 이 공지사항이 게시된 이후 경고 없이 ‘학원/홍보’ 게시판으로 이동됩니다.또한 이후에도 계속적으로 ‘정기모임/스터디’에 유료 과외 모집글을 올리실 경우, 계정 제재가 이루어질 수 있음을 알려드립니다.관련 문의는 info@okky.kr 로 보내주세요.감사합니다.개발자를 행복하게 해주는 커뮤니티OKKY 운영진 드림
",2018-12-21 17:56:30,"
#534396
 공지사항
OKKY 게시판 스터디
"
OKKY,"
                            
                            OKKY 정기모임/스터디 불법 게시물 공지사항
                        ","
OKKY 회원 여러분, 안녕하세요.OKKY 운영진입니다.최근 정기모임/스터디 게시판에서, 유료 온라인 강의를 타인과 나누어 결제하기 위해 홍보하는 게시물이 발견·신고 되었습니다.이러한 행위는 각 유료 강의를 제공하는 서비스 주체의 이용약관을 위반하는 불법적·비도덕적 행위입니다.이 공지사항이 게시된 이후 유사한 종류의 게시물이 올라올 경우 해당 게시물은 경고 없이 삭제됩니다.또한 해당 게시물을 등록한 회원에게는 1회 경고 메일 발송 후, 동류의 게시물을 재차 등록 시 계정 삭제 조치를 취할 것을 알려드립니다.기존 불법 게시물들에 ‘반대’, 비판 댓글, 신고 등으로 의견을 표해주신 회원분들께 감사드리며,앞으로도 관련 신고는 info@okky.kr 로 부탁드립니다.감사합니다.개발자를 행복하게 해주는 커뮤니티OKKY 운영진 드림
",2018-11-27 11:12:35,"
#525814
 공지사항
OKKY 정기모임/스터디 불법게시물
"
xofla,"
                            
                            한이음 공모전 웹 프로젝트 팀원 구합니다.
                        ","
같이 프로젝트 진행하실 열정적이신 분 찾습니다.한이음 프로젝트 특성상 웹 공부하시는 대학생분을 모셔가려고 합니다.저희는 간단한 퍼블리싱, 게시판 정도 만드는 개발능력입니다. 스프링기반 웹 프로젝트 진행하고 있고,진행하면서 여러가지 트렌디한 기 술들을 시도 해볼 생각입니다.저희가 신청한 계획서 입니다. https://www.hanium.or.kr/portal/notice/noticeView.do현재 어느정도 진행한 상태이고mysql, redis, restAPI, linux 등을 공부하고 있습니다. 최종 적으로 하이브리드 앱을 구현하려고 생각하고 있습니다.관심 혹은 문의 사항있으시면 언제든지 연락 부탁드립니다.카톡 아이디: xofla153이메일 : xofla153@naver.com
",2019-06-22 14:37:09,"
#594077
 정기모임/스터디
java spring mysql
"
간다앙,"
                            
                            [강남] iOS Swift 스터디(입문) - 인원충원
                        ","
iOS 같이
공부하실 분 모집합니다.현재 1회
진행되었고 멤버는 현재 3명입니다. 1~2명정도
충원합니다.이
스터디는 현 개발자 분들껜 너무 쉬울 수 있으니 참고해주세요.
교재: Do
it! 스위프트로
아이폰 앱 만들기 입문요일: 월
수 (7월 31일 종료
예정)시간: 저녁
7시반~9시반장소: 강남역
스터디룸인원: 4~5명 (현재 멤버
3명. 1~2명 충원)준비물: 맥북진행방법: 챕터별로
발표자가 리드
관심있으신
분들은 아래 폼으로 신청해주세요https://forms.gle/LWD5uU14zkqpynVq8
감사합니다.
",2019-06-20 10:06:50,"
#593111
 정기모임/스터디
"
코딩하는법무사,"
                            
                            [인천]스터디 모집 왕초보 html5+css3,
                        ","
html5+css3 스터디 모집합니다. 매주 일요일 이른오후시간대 스터디 하실분 모집합니다. 열정은 가득한데 처음 하는 프로그램 공부라 막막하신분 위주로? 초보/유경험자/고수 모두 환영합니다. 백엔드 개발 실력을 보유한 스터디원이 함께 스터디에 참여합니다. 처음부터 쉽게 하지만 열정적으로 html5+css3 공부를 해보고 교재를 마무리 할 즈음에는 작은 프로젝트를 하나 완성해본 뒤 백엔드 개발자께서 기능을 덧붙여 주실 것입니다. ^^ 우리가 만든 껍데기?에 진짜 홈페이지처럼 작동까지 기능이 결합된 완성된 홈페이지를 이 스터디에서는 경험해 보실 수 있습니다~!!^^많은 참여 바랍니다. 주저하지 마세요 첫 스터디(OT)- 는 2019-06-23(일) 에 시작합니다. 이때는 간단한 소개 및 향후 스터디 일정 조율이 있을 예정입니다. 본격 빡공은 2019-06-30부터 시작될 예정입니다. ^^참여문의 : 카카오톡 HIHELPER
",2019-06-19 23:50:14,"
#593047
 정기모임/스터디
"
studysemina,"
                            
                            [서울/강남] 안드로이드 SNS+ECommerce 앱 스터디세미나(현업19년차개발자가 제작시범, 매주 진행)
                        ","
안녕하세요주 1회 참여방식입니다.신청하시는 분들은 새로 신청하신 분들 위주로 1주차 스터디세미나 부터 진행하거나,본인이 희망하시면 기존 모임의 3주차 모임에 합류하시게 됩니다.<모집 공고>서울 강남구 근교에서 평일 저녁 또는 토요일 오후에 안드로이드 SNS+ECommerce 앱 제작 스터디세미나를 진행합니다.19년차 현업 개발자가 직접 코딩 시범 보여주면서 진행합니다.스터디세미나 참여자를 모집합니다.1) 평일 저녁 7시 이후 또는 토요일 오후 3시 이후에  2시간씩 진행합니다. 주 1회 참여방식입니다.1시간 정도는 현업개발자가 현업 기술 관련 세미나 진행, 1시간 정도는 참여자 서로간 스터디방식 진행입니다.학원수업 또는 과외 방식이 절대 아닙니다.2) 서울 강남구 근교에서 진행합니다.3) 자바 언어를 사용해 진행합니다.4) 스터디세미나 참여비로 스터디룸 대여비용 정도의 소액의 비용이 있습니다.5) 프로그래밍 완전초보자, 안드로이드 완전초보자도 지원 가능합니다.6) 6월 25일 화요일 이후 시작할 예정입니다. 7) 3달 스터디세미나 진행하면서 1차 버전 안드로이드 SNS+ECommerce 앱 제작해서 구글 마켓에 릴리즈할 예정입니다.희망자는 studysemina@naver.com                        으로 간단한 자기소개 적어서 보내주시면,2~3일 내로 답변드리도록 하겠습니다.폰이나 카톡이 아닌 메일로만 연락드립니다.
",2019-06-19 11:30:45,"
#592720
 정기모임/스터디
"
잉모킹모잉,"
                            
                            [서울] 웹개발 코드리뷰 Meetup
                        ","
토요일 10시~12시(2시간), 노량진역(1호선/9호선)(인원충원 완료 후 시간/장소 재협의 예정)1. 진행방식 : 발표희망자 자유주제 사전준비- 코드리뷰 → 의문사항 질문, 개선사항 제안 등 피드백- 스몰토크 퀄리티 (O) / 세미나(컨퍼런스) 퀄리티 (X)- 공부결과 공유 : 실습코드, 내용정리, 신기술동향 등- 업무결과 공유 : 개발코드, 설계구조, 업무도메인 등2. 참여지원 : https://open.kakao.com/o/sqFWXUsb- 간단한 참여목적, 지원동기 및 아래 필수양식 첨부- 나이, 연차, 포지션, 경력사항, 출발 지하철역+ 실력있는 개발자들과 기술교류 및 피드백+ 장기적인 자기계발과 동기부여, 업계정보 공유+ 평소에 꾸준히 기술인터뷰/기술발표 준비* 현재 구성원메이저 IT회사, IT 대기업, 게임회사, 스타트업 현직자* 다뤄온 주제- 이커머스 온라인몰/매장 프론트&백엔드 성능개선- 스마트팩토리 리엔지니어링 (MSA/Kafka/JPA)- 웹로그수집&분석 마케팅솔루션 (Elasticsearch)- 생산관리시스템(MES) 구조개선 및 성능개선- 함수형 프로그래밍 도입 및 프로젝트 구조개선...
",2019-06-18 23:29:20,"
#592584
 정기모임/스터디
"
지굥,"
                            
                            [강남] JAVA알고리즘 스터디 모집합니다.[마감]
                        ","
안녕하세요취업준비/이직준비 알고리즘 스터디를 모집합니다. 시간은 평일 오전or오후/주말오전 중 주 2회정도 스터디원들과 협의해서 정할 예정입니다. 주 언어는 JAVA로 할 예정이지만 굳이 JAVA가 아니더라도 상관 없습니다.  스터디 내용: 백준알고리즘 바탕으로 1시간문제풀기(3문제) + 1시간 문제풀이 모집 인원    : 5명 ~ 6명모임 장소    : 서울 강남모임 시간    : 주 1회 ~ 2회 비용            : 스터디룸 대여 비용 1/N모집 대상    : 알고리즘 실력과 상관 없이 열심히 취업을 위해 하고자 하시는 분들 모두 환영입니다. 연락주세요(저도 참고로 잘 못합니다. 같이 열심히해요)마감되었습니다.
",2019-06-18 21:37:49,"
#592547
 정기모임/스터디
"
김진흥,"
                            
                            [모집 중] 안드로이드 중급 기술스택 향상을 위한 Meetup
                        ","
아래에 나열된 기술스택을 한번씩 공부해보고자 합니다. 각자 정해진 하나의 주제를 공부하셔서 토요일날 10분씩 발표하는 시간을 가지고자 합니다.발표형식은 자유입니다. 자기가 가장 잘 표현할 수 있는 방식으로 발표하시면 됩니다.코드로 실제 적용한 것을 설명해주셔도 되고 PPT로 설명하시거나참고할 만한 사이트를 보고 설명해주셔도 됩니다.일단 6월 22일부터 시작하고자 합니다.이번 Meetup은 RecyclerView, Retrofit or Volley, Glide or Picasso, Gson or Jackson, Realm or Room or SQLite 정도는 사용 해보신 분을 대상으로 합니다.위의 것들이 정립 안 된 상태에선 이것을 공부하시는 것은 시간낭비일거라 생각하기에 대상을 한정하였습니다.참여하고자 하시는 분은 010-9775-4628로 문자주세요.모임 주제: 안드로이드 기술스택 향상을 위한 발표시작일: 6월 22일(가정)모임 장소: 강남역 or 역삼역모임 요일: 토요일모임 시간: 2시~4시연락처기술스택1. RxJava 2.x2. Dagger23. Kotlin Collections4. Kotiin anko5. Google Guava6. Jetpack - Room, LiveData, ViewModel, lifecycle7. Google AAC8. 마이크로소프트 MVVM
",2019-06-18 20:14:38,"
#592510
 정기모임/스터디
"
리팩토링,"
                            
                            안드로이드 프로젝트 할 사람 구합니다.(대학생, 신입취업 준비생 수준의 포트폴리오)[안양, 군포, 의왕]
                        ","
지역 : 안양, 군포, 의왕시간대 : 주말(토 or 일) 오전 9시 ~ 오후 3시진행 : 주제를 정하고 각자 특징에 맞게 역할 분배 후 한 주마다 진행 상태 공유 및 지속적인 개발 방향의 대해 소통하는 시간을 가진다. -> 이 모임은 자바, 안드로이드에 대해 어느정도 공부한 사람을 대상으로 진행되는 모임이며이 글을 쓰는 본인도 자바, 안드로이드에 대해 공부를 하고 있는 사람입니다. 참여자 자격 : 관련 공부를 어느정도 한 사람이어야 한다.(자바, 안드로이드, jsp, 기초적인 db문법, 서버쪽 기초 프로그래밍) 사실 이렇게 적어놨어도 그렇게 실력 안봐요(제가 실력이 없어서...)강조-이 프로젝트는 기존 대학교4학년, 취업준비생을 대상으로 합니다.인원 제한:4명댓글로 객관적 실력 및 나이, 사는 지역 등 적어주시거나아니면 dhfemdkr@naver.com  이쪽으로 참여문의 부탁드립니다.카톡아이디:dhfemdkr <- 여기로 문의 주셔도 됩니다.
",2019-06-18 17:48:26,"
#592436
 정기모임/스터디
자바 안드로이드
"
Fanta,"
                            
                            [대전] UX/UI 디자인 스터디 모집
                        ","
대전 지역에  UX / UI 스터디가 너무 없어서 제가 글을 씁니다.UX / UI 쪽으로 진로를 희망하시고 공부하고 계신 분들 함께하면 좋겠습니다.스터디랑 프로젝트 함께 진행하면서 포트폴리오 준비하실 분들 연락주세요.스터디 운영 방법은 저도 정해진 건 없구요, 같이 만들어가면 좋겠습니다!카톡 ID : ghksxk99
",2019-06-18 11:03:21,"
#592172
 정기모임/스터디
#ux #ui #대전 #디자인 #uxui
"
졸림,"
                            
                            [강남/건대] 자바 기반 디자인패턴 스터디
                        ","
1. 스터디명   : [강남/건대] 자바 기반 디자인패턴 스터디2. 스터디 시간   : 매주 수요일 19:30~21:303. 스터디 예상인원   : 6명4. 참여자격   : 주니어개발자, 취업준비생, IT 이직 희망자5. 스터디 장소   : 카페 & 스터디룸 (스터디룸 예약시 비용 1/N)6. 내용      :   1) 월 4회 오프라인 모임(2회 연속 불참, 사전 연락없이 불참 시 스터디 제외)   2) 매주 한 가지 주제로 스터디 진행 ( 월 3개의 주제 )   3) 스터디 관련 자료 준비 및 샘플 코드 작성(2회 연속 준비 못할 시 스터디 제외)   4) 월 1회 약 20여 개의 패턴 중 다음 달 스터디 주제 선정 및 회식 (회식은 필참x, 한시간 이내로 간단하게)7. 마감기한   : 19.06.24 까지 (신청자에 따라 조기마감)8. 문의사항   : 오픈카톡 [https://open.kakao.com/o/glvTiWnb]
",2019-06-17 16:37:27,"
#591803
 정기모임/스터디
"
springstudy,"
                            
                            5주동안 배우는 웹개발 스터디
                        ","
안녕하세요.전자정부프레임워크 셋팅부터 관리자단에서 등록한 메뉴와 배너가 홈페이지에 나타날 수 있도록 구현해보는 강의형 교육을 5주동안 진행하려고 합니다.​메뉴 관리와 배너 관리를 위한 관리자단을 직접 구현해보며, 전자정부프레임워크를 통한 스프링 설정과 javascript, jquery, db query 등을 배우고 싶으신 분들은 들어보시면 좋을 듯 합니다.​커리큘럼[1주차 ~ 5주차]- Servlet, JSP, JDBC 방식을 활영하여 웹 프로젝트 이해하기- 스프링 프레임워크 기반의 전자정부프레임워크 만들기- Egov Web Project 생성 및 구조 설명- 화면 레이아웃을 구성하는 Tiles 라이브러리 적용- 화면의 메뉴를 통한 html 구조 파악- jQuery를 이용하여 메뉴 추가하기◆ 타겟 지정하기, append, prepend 함수의 이해- MariaDB 연동 설정- 메뉴 테이블 생성 및 메뉴 데이터 설명- ajax을 활용하여 메뉴 조회 url(Controller @RequestMapping) 요청- Controller -> Service -> Mapper(Mybatis 연동)의 흐름으로 DB에서 메뉴 데이터 조회- Model addAttribute를 활용하여 메뉴 data 화면으로 보내기  ◆ MappingJackson을 활용하여 메뉴 data 응답 처리  ◆ EL, JSTL을 활용하여 메뉴 data 응답 처리- ajax를 활용하여 parameter 전달  ◆ @Requestparam, @Requestbody, @ModelAttribute 의 활용- VO(Value Object) 생성- Mybatis에서 VO와 Map, EgovMap 활용- Mybatis의 동적 SQL 처리- 관리자 템플릿이 적용된 프로젝트 import- 관리자 템플릿의 설명- 메뉴관리 화면에서 1차, 2차 메뉴 등록, 상세, 수정, 삭제 기능 처리- jQueryUI의 dialog로 레이어 팝업 띄우기(등록, 상세 화면)- jQuery serialize를 사용하여 ajax Form 데이터 전송- 배너관리 화면에서 Form submit을 사용하여 검색, 페이징 처리- 페이징 쿼리에 대한 이해- checkbox를 활용하여 체크된 데이터만 삭제 처리- 배너 등록 화면에서 파일 업로드 처리하기(MultipartRequest 처리)  ◆ 물리 파일 저장, BLOB 저장  ◆ 이미지 사이즈 체크- 사용자 홈페이지에 등록된 배너 노출 처리​카톡 오픈채팅방으로 (https://open.kakao.com/o/sBGADhcb     )문의 주시면 답변드리도록 하겠습니다.- 장소 : 가산디지털단지역(주말)- 시작날짜 : (4시간 진행) 7월 20일(토), 오후 2시 ~ 오후 6시- 비용 : 장소대여비 포함 20만원입니다. (시간당 1만원으로 보시면 됩니다.) 4주 20만원 입금해주시면 됩니다.* 5주 강의실을 미리 빌리기 때문에 강의 시작 이틀 전까지만 100% 환불이 가능하고, 그 후는 환불이 어렵습니다.​- 준비사항 : 램 8GB 이상의 개인 노트북- 인원 : 4 ~ 8명- 대상 : java, javascript, sql 을 조금이라도 아시는 분을 대상으로 합니다.내용[관리자][사용자]
",2019-06-17 16:21:51,"
#591790
 정기모임/스터디
"
jnssanaee,"
                            
                            같이 프론트엔드 준비하실 분
                        ","
현재 프론트엔드로 전향중인 1인입니다.서울 중구쪽에 사무실을 얻어 공부중인데, 1자리가 이번에 비게 되어 같이 준비하면 좋을거같아글 남깁니다. 기간은 2달정도로 생각하고 있습니다. 생각 있으신 분은 아래 안심번호로 문자부탁드립니다 :)0507-0090-9966
",2019-06-17 12:56:15,"
#591610
 정기모임/스터디
"
찌닐,"
                            
                            부천,철산역 에서 리액트네이티브 & 리액트 스터디 모집합니다.(포트폴리오 프로젝트 개발)
                        ","
부천이나 철산역에서 프로젝트만들어  포트폴리오 만드실분 모집합니다현재3개월째 하고 있고, 리액트 네이티브로 앱개발,웹개발하고 있고 개발단계는 60% 입니다.지금 프로젝트 이후에는 웹 프로젝트를 생각하고 있습니다.직접 간단한 CURD정도는 개발하실 수 있는분이면 좋겠습니다.회비는 한달에 3만원 있습니다(대충하시는 분들은 사절합니다)모두 직장인들이고 개발경력은 동일하게 1~3년 사이입니다.개발목표 : 1.React native , 2.Vue.js 3. React.js 4. Node.js 백엔드 1.Firebase모집구분 : 개발자,퍼블리셔, 디자이너 등!모임날짜: 토요일 or 일요일같이 개발해서 포트폴리오 만드는 것을 목표로 합니다.협업을 위해 주셔야될 아이디 : 트렐로, firebase(구글), github개발방식 : 기획안에 맞춰서 각자 영역을 나워서 개발한후, 모임날에 어려운 부분을 공유하고 함께 해결함2번째 모집하고 있는데 간단한 게시판정도 만드는데 3달이상 해도 못하시는분, 커뮤니케이션 안되시는 분은 중간에 제외하고 진행하고 있습니다.연락부탁드립니다.010-9522-200팔
",2019-06-17 11:40:58,"
#591591
 정기모임/스터디
"
pvkim,"
                            
                            수원 파이썬 스터디 모집 (마감)
                        ","
장소수원역 카페시간매주 일요일 오전 10시부터 기간???진행방식책 스터디 진행 책 진행 후 진행해보고 싶은 토이 프로젝트 내용 간단하게 공유 후 개별 혹은 마음 맞는 분들끼리 진행비용개별 커피값기타
자율참여 지향참석의사 있으시면 간단한 계획서 배포 해드립니다
",2019-06-17 11:05:10,"
#591555
 정기모임/스터디
"
YoHan,"
                            
                            [부산] 일요일 알고리즘 스터디 모집합니다.
                        ","
안녕하세요.면접용(신입/경력) 알고리즘 스터디원(오프라인) 모집합니다.혼자 알고리즘 공부하기에 조금 적적하고 게을러지는 경향이 있어서 모집하게 되었습니다. 현재 인원은 혼자구요.아래는 스터디를 하게된다면 어떻게 진행할까 고민 해본걸 정리한 것입니다.1 알고리즘, 영역 과 진행방향:1. 개인이 주제를 선정 후 해당 내용 발표하기(알고리즘 또는 그 외의 것)일단 너무 어렵거나 수학적인 내용이 아닌 알고리즘 영역부터 발표를 진행해야할거같구요.정확하게 내용을 분석하여 발표하는 것은 기준이 너무 높으므로, 자기 자신이 학습한것을 공유하는 정도로 준비하는 것이 적절할것 같습니다. 2. LeetCode 문제풀기Leetcode는 일요일마다 정기적으로 컨테스트를 여는데 간단하게 3~4문제를 푸는 컨테스트이구요.모이시는 분들 매 컨테스트마다 1~3 문제 정도 풀 수 있을거라 기대합니다. 컨테스트 진행이 2시간 정도 진행되는데, 아마 스터디 시간 내내 꽉 채워서 컨테스트 진행하기엔 조금은 효율성이 떨어지구요. 1시간 ~ 1시간 30분 정도로 문제를 풀고 풀이방법을 공유하는 쪽으로 생각을 하고 있습니다.스케쥴은 대충, 주제 발표 -> Leetcode 문제풀기 -> 문제 리뷰 정도가 될것같습니다.주제발표 시간에 책 리뷰 스터디를 해도 될 것 같네요. ( 문제해결전략 .. 등의)2이 모임이 다음과 같은 모임이 되었으면 좋겠습니다.target: 코딩 테스트/역량 면접에 나오는 기초 알고리즘을 알고 싶으신 분들, 기초 알고리즘은 알지만 응용 문제에서 번번히 틀리시는 분들.sub-target: 삼성 역량테스트 A/B/C를 준비하시는 분. (저는 C를 준비하고있습니다 : ) )opportunity: 자신이 아는 것을 공유하고 싶으신 분, 알고리즘 문제를 푸는데에서 재미를 느끼시는 분들3모임 연령, 경력:연령/경력 은 크게 상관없이 진행할 예정입니다. 저는 취업준비를 하고 있으며, 나이가 20후반입니다.  ^^;;4모임 시간/ 위치 :스터디 시간은 3시간이 될 것 같습니다.일단은 Leetcode 컨테스트 일정에 맞추어 일요일 아침으로 생각하고 있습니다. 그러나 모이시는 분들의 시간을 감안하여 다른 요일이 되면 그 경우 Leetcode 가상 컨테스트 참여를 통해 문제를 풀 예정입니다.정확한 위치는 모이시는 분들의 지역을 감안하여 선정할 예정입니다.메일 gaelim@naver.com 으로 보내주세요
",2019-06-17 10:00:41,"
#591497
 정기모임/스터디
부산 알고리즘 스터디
"
YAPP,"
                            
                            대학생 연합 기업형 IT 동아리 YAPP에서 15기 모집
                        ","
대학생 연합 기업형 IT 동아리 YAPP에서 15기를 모집합니다!안녕하세요!YAPP은 개발자/기획자/디자이너가 모여 웹 서비스/모바일 앱 서비스를 만드는 IT연합동아리입니다. 다양한 아이디어와 열정을 가진 사람들이 모여 IT 서비스를 제작함으로써 새로운 가치를 창출해내는 것을 목표로 합니다.IT 분야에 대한 열정과 의지가 넘쳐나고, 동아리에서 많은 사람들과 즐겁게 활동하고 싶은 분들의 많은 지원 바랍니다!ㅡㅡㅡㅡㅡㅡㅡㅡㅡㅡㅡㅡㅡㅡㅡㅡㅡㅡㅡㅡㅡㅡㅡㅡㅡㅡQ&A : support@yapp.co.kr, facebook.com/yapp.co.kr지원서 다운로드 : http://bitly.kr/fUOd3O포트폴리오 템플릿 다운로드(참고용 템플릿, 개인 포트폴리오 제출가능)기획 : http://bit.ly/2Hkk4qE 디자인 : http://bit.ly/2Jhncp0 개발 : http://bitly.kr/XaBbLh접수 : resume@yapp.co.kr 로 지원서와 포트폴리오 모두 필수 제출입니다!1)지원서, 2)포트폴리오(양식: 하단 참조)를 ""[YAPP]직군_본인이름.zip""로 압축하여 제출서류 접수 마감 : 2019년 6월 28일 24:00까지서류 결과 발표 : 2019년 7월 1일면접 일정 : 2019년 7월 6일 ~ 2019년 7월 7일최종 발표 : 2019년 7월 9일ㅡㅡㅡㅡㅡㅡㅡㅡㅡㅡㅡㅡㅡㅡㅡㅡㅡㅡㅡㅡㅡㅡㅡㅡㅡㅡ모집 분야 : 기획자/디자이너/개발자, 전공 무관하나 중복 지원 불가포트폴리오 :- 포트폴리오는 면접 시 참고 용도로 사용하며 기존의 포트폴리오를 제출하셔도 무방합니다.- 개인 포트폴리오 URL이 없을 경우, PDF 형식으로 첨부 (연도와 프로젝트 내 본인의 기여도     써주세요!)- 포트폴리오는 면접 종료 후 폐기합니다.- 기획자 : 분량 제한 없음.(개인포트폴리오를 제출하셔도 무방합니다.)- 디자이너 : 분량 제한 없음.(개인포트폴리오를 제출하셔도 무방합니다.)- 개발자: 분량 제한 없음.(개인포트폴리오를 제출하셔도 무방합니다.)본인이 직접 개발할 때 사용했던 기술과 라이브러리 등을 함께 기재 (코드 복사 지양)프로젝트 내 본인역할과 개발했던 사항, 느낀점 등 구체적으로 기술템플릿은 참고용이며, 자유로운 양식으로 제출하시면 됩니다.- 만약 포트폴리오 작성에 어려움을 느끼실 경우,학교에서 진행했었던 과제나 개인 프로젝트, 공부했던 책 혹은 들었던 강의에 대한 후기, 본인의 github 계정 등 개발 분야에 대한 본인의 실력을 드러낼 수 있는 자료라면 무엇이든지 첨부하실 수 있습니다.포트폴리오에 꼭 이전에 수행했었던 팀 프로젝트만이 들어가야 하는 것은 아닙니다. Q : YAPP은 어떤 동아리인가요?A : YAPP은 기획자, 디자이너, 개발자로 팀을 구성하여 6개월간 하나의 IT 서비스(웹,앱,etc.)를 제작하는 연합 동아리입니다. 프로젝트는 기업형 프로세스에 따라 진행하고 런칭하여, 팀원들의 아이디어를 실제 IT 서비스로 구체화시키는 경험을 할 수 있습니다. Q : 대학생이 아닌 고졸/재직자/졸업자 등도 YAPP에서 활동할 수 있을까요?A : 6개월 내내 꾸준히 활동할 수 있고 배우고자 하는 열의가 충분하다면, 누구든 지원이 가능합니다. 현재도 고졸/재직자/졸업자 중 활발히 활동하시는 분들이 계십니다. 하지만 매주 진행하는 정기 세션과 기수당 3회 열리는 DevCamp(당일 및 1박 2일 해커톤)에 필수적으로 참여해야 하며, 특히 방학 중에는 원활한 프로젝트 진행을 위해 추가적인 팀 활동에 모여야 한다는 점을 숙지해주세요! Q : 실력이 뛰어난 사람만 지원할 수 있나요?A : YAPP에서는 6개월간 꾸준히 활동할 수 있는지, 그리고 발전하고자 하는 의지가 충분한지를 중요하게 생각합니다. 그러나 YAPP은 교육보다는 프로젝트 진행이 중심이기 때문에 자율 스터디나 특강 이외의 교육 커리큘럼을 따로 진행하고 있지 않습니다. 따라서 동아리 활동 이외에 개인적으로도 시간과 노력을 투자해야 한다는 점을 알아주시길 바랍니다. Q : 정기 모임(세션)은 언제, 어디서 하나요?A : 매주 일요일 오후 4시-6시세션은 서로 간의 지식 공유, 친목 도모를 위해 진행되며 가벼운 뒤풀이도 있을 수 있습니다.세션장소는 주로 공덕에 위치한 대학내일에서 진행하지만, 변경될 수 있습니다. Q : 동아리 활동은 어떤 게 있나요?- 정기 세션 : 프로젝트 팀 빌딩, 팀 회의, 진행현황 발표 등을 진행합니다.- 실제 기업형 프로세스를 통해 아이디어를 서비스로 구체화 시킬 수 있는 해커톤 DevCamp 3회1일 2번, 1박 2일 1번- 분기별 프로젝트 : 직군별  스터디- 성과공유회실제 현업에서 활동 중인 선배들에게 프로젝트를 발표하고, 피드백을 받을 수 있는 시간- 그 외 다양한 네트워킹 활동 Q : 대학내일과 동아리가 함께한다는 것이 어떤 것인가요?대학내일과 함께하는 팀외에는 같이 활동을 진행하진않습니다. 다만 대학내일에서 장소제공 등의 후원을 받아 동아리가 운영됩니다.이외에도 궁금하신 내용이 있다면, support@yapp.co.kr facebook.com/yapp.co.kr 로 언제든지 문의해주세요!🤗🤗
",2019-06-17 09:23:19,"
#591470
 정기모임/스터디
동아리 개발 대학생 직장인
"
AG,"
                            
                            Python 스터디 모집합니다.
                        ","
안녕하세요.파이썬 스터디를 마음맞는 팀원과 같이 하려고 합니다.강북쪽에 거주중이고, 안암이나 종로, 신촌도 괜찮습니다.같이 모여서 파이썬 책 파이썬 라이브러리를 활용한 머신러닝 을 배우고, 숙제로 datacamp라는 곳에서 파이썬 문법을 배워오는 것으로 하려고 합니다.혼자 할 수도 있겠지만 ㅎㅎ 함께하면 더 좋잖아요~일주일에 1번 정도 아니면 2번 정도 같이 하면 좋을 것 같아요. (주말)목표는 1년 동안 해커톤 1회 출전, 포트폴리오 1개 만들기 입니다.통계를 배우고 있어서 다른 분들도 정보공유가 되는 분들이면 좋겠네요.1년 동안 같이 열정적으로 하실 분만 댓글 달아주셨으면 좋겠습니다. 
",2019-06-16 23:45:35,"
#591439
 정기모임/스터디
python 통계 datacamp
"
울트라리스크,"
                            
                            가산디지털단지역 카페에서 각자 IT공부 하실 분! (퇴근후 또는 주말)
                        ","
장소 : 주로 가산디지털단지역 카페 (당일 정확한 위치 공지해드리겠습니다.) 시간 : 주말, 주로 토요일 오전 10시 ~ 오후 2시 / 평일(주로 화, 수) 오후7시 ~ 오후 10시 내용 : 1시간 공부 / 10분 휴식 2회 / 주말은 4회 (스터디 중 IT관련된건 무엇이든 대화 및 토 가능)※ 어차피 같이 프로젝트 하는게 아니니까, 저는 일주일에 두세번정도 모임을 만들거고, 다른 분들이 만드셔도 됩니다! 모임은 부담없이 참여하고 싶으신 분만 참여하면 되세요!.다른 공부를 해도 되지만, 웬만하면 노트북 지참해서 IT관련 학습을 했으면 좋겠습니다.들어오시면 성함 / 사시는 곳 / 나이 부탁드립니다^^https://open.kakao.com/o/gNjaxSsb
",2019-06-15 22:42:46,"
#591347
 정기모임/스터디
"
애도,"
                            
                            파이썬/크롤링/매크로 스터디
                        ","
혹 경기도 김포한강신도시 쪽이나 인천서구 에서 하면참여하실분들 계신가요?참가비용은 4회(1회당 2~3시간예상) 해서3-5만원정도 발생할거같아요의사있으신분들은 카톡 wntown 으로연락주세요ㅎㅎ
",2019-06-14 23:25:04,"
#591253
 정기모임/스터디
"
rontend,"
                            
                            공릉/태릉 웹/앱 스터디 하실분
                        ","
주말/공휴일 공릉이나 태릉근처에서 주말마다 같이 스터디 하실 분 구합니다. 주로 프로젝트 위주의 스터디를 진행하고 있습니다. 실력은 상관 없고, 학생/직장인/전공자/비전공자 상관없이관심있고, 열심히 하고자 하는 의지만 있으면 모든 분들 다 환영입니다. 서로 정보공유나 커뮤니케이션이 활발한 개발팀을 꾸리고 싶습니다. 저는, 컴퓨터 공학 대학교 3학년 재학중인 학생이구요, 관심있는 분야는 웹(react,view, nodejs, django), 모바일(react-native, swift), 알고리즘, 자료구조(c, c++), 운영체제 이론쪽에 관해서 공부를 많이 하고 싶습니다.실력은 아직 너무 많이 부족하지만 이쪽 분야에 대해서 애정과 열정이 있다고 말씀드릴 수 있습니다. https://blog.naver.com/donggyu_00 https://www.youtube.com/channel/UCEu31Np3_ocJ0JEtuoSbXIA?view_as=subscriberhttps://github.com/donggyushin제 블로그와 유튜브 깃허브 주소입니다. https://open.kakao.com/o/sGdEtNsb 진지하게 관심있으신 분들만 연락 부탁드립니다. 
",2019-06-14 21:58:32,"
#591222
 정기모임/스터디
view react django android swift nodejs javascriptn
"
Karen,"
                            
                            [OKKY세미나] MS Imagine Cup 국가대표의 스타트업 도전기 - 창업 실패부터 현재 커리어를 만들기까지
                        ","
OKKY 회원 여러분 안녕하세요!6월 OKKY 세미나에 모실 발표자님은, 이미 아는 분들은 알고 계실‘늦깎이 개발자 실전 프로젝트로 성장하다 (링크)’‘5년차 안드로이드 개발자의 첫 이직 이야기 (링크)’ 의 주인공 이승민님입니다~ :)기계공학에서 컴공으로 전과3개월 간 숙식하며 준비한 Microsoft Imagine Cup에 한국 대표로 진출창업 실패 후 또다시 스타트업에 도전하여 EXIT리멤버(드라마앤컴퍼니)를 거쳐 뱅크샐러드(레이니스트)에 이르기까지“도전”이라는 단어가 정말 잘 어울리는 분이 아닐 수 없는데요~이번 OKKY 세미나에서는 창업 실패부터 현재 커리어를 만들기까지의 FULL STORY를 아낌없이 나누어주신다고 합니다!또한 발표 후에는 추가 패널 두 분 및 참석자분들과 함께 FREE TALKING을 통해 속시원한 질의응답 시간도 가질 예정이오니, 많은 참여 부탁드립니다~ :D참가 대상학생/취준생/신입/주니어 등 개발자 커리어에 관심 있으신 모든 개발자분들　발표자 및 프로그램 소개　이승민2011년부터 안드로이드 개발을 시작하여, 현재는 자산관리 서비스 ‘뱅크샐러드’의 6년차 안드로이드 개발자로 일하고 있습니다.개발 외에도 협업, 사업 등 가치를 만들어가는 일에 관심이 많습니다. 개발은 가치를 위한 수단 중 하나라고 생각합니다.개발만 잘하는 사람보다는 인생을 즐기고, 세상을 아는 사람이 되고 싶습니다. 그래서 사람 만나는 것을 좋아하며 여행, 페스티벌, 축구, 춤, 게임, 애니메이션 등 다양한 취미에 도전합니다.하고 있는 개발 관련 활동 : GDE Android Korea, Droid Nights Organizer 등 지식 공유 및 커뮤니티 활동을 활발히 하고 있습니다.1부 발표 <MS Imagine Cup 국가대표의 스타트업 도전기 - 창업 실패부터 현재 커리어를 만들기까지 (50’)>창업 실패에서 시작하여 현재 뱅크샐러드까지, 어떻게 성장하며 커리어를 만들었는지 소개합니다. 뱅크샐러드로 오면서 느끼고 배웠던 이직에 대한 생각도 나눕니다.2부 FREE TALKING (40')이승민 : 뱅크샐러드. 6년차 안드로이드 개발자노상범 : 개발자 커뮤니티 OKKY 대표 / 개발자 전문 서치펌 eBrain 대표이경일 : 네이버 메인플랫폼 개발랩, 카카오 커머스플랫폼을 거쳐 현재 네이버 비즈서비스 개발 담당　일시 및 장소　일시 : 2019년 6월 13일 (목) PM 8:00 - 9:40장소 : 마루180 - 지하1층 이벤트홀 (지도)서울시 강남구 역삼로 180 (역삼동, 790-6)(역삼역 2번 출구에서 약 700m. 지하 1층)주차는 지원되지 않습니다. 대중교통 이용 부탁드립니다.　등록 방법　참가 신청 설문지 작성 후, 아래 계좌에 참가비를 입금해주세요.참가비 : 20,000원 (입금 선착순 50명)간단한 다과가 제공됩니다.계좌 : 카카오뱅크 3333-06-5259540 / 예금주 : 조혜현등록 확인설문 작성 내용 및 입금 기록을 확인하여 매주 금요일에 참가 확정 안내 메일을 보내드립니다.설문지에 기록한 이름과 예금주가 다를 경우 hhjo@okky.kr 로 따로 알려주세요.등록 취소 신청 시점에 따른 환불 안내 (OKKY 세미나 공통)세미나 3일 전 : 등록 결제 금액의 100% 환불세미나 2일 전 : 세미나 등록 결제 금액의 50% 환불세미나 1일 전 - 세미나 당일 : 환불 불가문의 : hhjo@okky.kr참가 신청
",2019-05-24 15:56:45,"
#583610
 IT 행사
OKKY OKKY세미나 이승민 뱅크샐러드 스타트업 개발자커리어
"
OKKY,"
                            
                            OKKY 정기모임/스터디 게시판 - 유료 과외 및 수익성 프로젝트 모집 글 금지 안내
                        ","
OKKY 회원 여러분, 안녕하세요.OKKY 운영진입니다.정기모임/스터디 게시판에 올라오는 유료 과외 모집글에 대한 피드백이 지속적으로 접수되고 있습니다.정기모임/스터디 게시판은 OKKY에서 직접, 혹은 회원분들이 자발적으로 개최하시는 정기모임과 비수익성 스터디모임을 위해 만들어진 공간입니다.많은 회원분들께서 이를 잘 인지하여 사용하고 계시나, 간혹 유료 과외를 모집하거나 수익성 프로젝트에 참여할 사람을 구하는 ‘구인 활동’을 하는 분들이 계십니다.이와 같이 게시판 취지에 맞지 않는 게시글은, 이 공지사항이 게시된 이후 경고 없이 ‘학원/홍보’ 게시판으로 이동됩니다.또한 이후에도 계속적으로 ‘정기모임/스터디’에 유료 과외 모집글을 올리실 경우, 계정 제재가 이루어질 수 있음을 알려드립니다.관련 문의는 info@okky.kr 로 보내주세요.감사합니다.개발자를 행복하게 해주는 커뮤니티OKKY 운영진 드림
",2018-12-21 17:56:30,"
#534396
 공지사항
OKKY 게시판 스터디
"
OKKY,"
                            
                            OKKY 정기모임/스터디 불법 게시물 공지사항
                        ","
OKKY 회원 여러분, 안녕하세요.OKKY 운영진입니다.최근 정기모임/스터디 게시판에서, 유료 온라인 강의를 타인과 나누어 결제하기 위해 홍보하는 게시물이 발견·신고 되었습니다.이러한 행위는 각 유료 강의를 제공하는 서비스 주체의 이용약관을 위반하는 불법적·비도덕적 행위입니다.이 공지사항이 게시된 이후 유사한 종류의 게시물이 올라올 경우 해당 게시물은 경고 없이 삭제됩니다.또한 해당 게시물을 등록한 회원에게는 1회 경고 메일 발송 후, 동류의 게시물을 재차 등록 시 계정 삭제 조치를 취할 것을 알려드립니다.기존 불법 게시물들에 ‘반대’, 비판 댓글, 신고 등으로 의견을 표해주신 회원분들께 감사드리며,앞으로도 관련 신고는 info@okky.kr 로 부탁드립니다.감사합니다.개발자를 행복하게 해주는 커뮤니티OKKY 운영진 드림
",2018-11-27 11:12:35,"
#525814
 공지사항
OKKY 정기모임/스터디 불법게시물
"
pvkim,"
                            
                            파이썬 스터디 모집하면 하실분 계신가요?
                        ","
밑에 스터디에 참여하고 싶은분은 많으신거 같은데 모집글이 안 올라오는것 같아서요.제 지역은 수원인데 적당한 거리는 이동가능합니다.참여할분 계시면 댓글 달아주세요~
",2019-06-14 17:59:41,"
#591186
 정기모임/스터디
"
alswlqkr,"
                            
                            스프링 스터디 모임있을까요?
                        ","
안녕하세요. 전자정부프레임워크를 처음 접하게 되어 스터디를 하면서 경험을 쌓으려고 합니다.혹시 서울지역 어디든지 스프링프레임워크 스터디가 있으면 댓글 부탁드립니다! (열심히 참여하겠습니다!!!)
",2019-06-14 17:26:22,"
#591137
 정기모임/스터디
"
김주빈,"
                            
                            선릉역 ) 토즈 워크센터 를 대여하여 스터디 ( 모여서 각자 스터디 ) 하실분?
                        ","
6월24 일부터 8월말까지 평일(월 - 금) 공유오피스 ( 선릉역 토즈 워크센터 )6인기준 -  ( 예치금 40만원/인 ( 보증금 ), 사용료 26만원/월(인당) 부가세별도 ) 4인기준 - ( 예치금 50만원/인 (보증금 ) , 사용료 30만원/월(인당) 부가세별도 ) 카톡 - imkj1148 오픈채팅방 - https://open.kakao.com/o/gZzNvasb 로 연락주시길 바랍니다.저는 웹 프론트,  node 공부를 하고있습니다.
",2019-06-13 17:59:11,"
#590686
 정기모임/스터디
"
이치리,"
                            
                            [목포] 스프링 스터디 구합니다(토비의 스프링)
                        ","
토비의 스프링 완독 목적으로 스프링 스터디 구해요모임 장소는 하당 청춘 스터디 카페로 생각하고 있고, 생각 있으시면 카톡주세요jewonle
",2019-06-13 15:44:12,"
#590615
 정기모임/스터디
"
뀨우우,"
                            
                            파이썬 스터디 없을까요?
                        ","
파이썬 스터디가 있다면 들어가고 싶습니다 ~!없을까요?...
",2019-06-13 02:55:35,"
#590357
 정기모임/스터디
"
hdg6269,"
                            
                            빅데이터 분석 스터디 있나요?
                        ","
                        
                            
                                빅데이터 분석 공부는 했었는데 부족하다고 생각해서 프로젝트나 스터디 진행하시는 분이 있을까요? 
                            
                        
                        ",2019-06-12 23:27:08,"
#590331
 정기모임/스터디
"
간다앙,"
                            
                            [강남] iOS 입문 스터디
                        ","
퇴근 후에 iOS 같이 공부하실 분 모집합니다.저는 사무직 직장인입니다. 앱개발을 목표로 공부하려고 하는데 혼자서는 의지가 약해져서 스터디를 모집하게 되었습니다.예전에 C언어, 파이썬 등 조금 공부한 경험 있고 swift는 처음입니다. 이 스터디는 현 개발자 분들껜 너무 쉬울 수 있으니 참고해주세요.교재: Do it! 스위프트로 아이폰 앱 만들기 입문요일: 월 수시간: 저녁 7시반~9시반기간: 6월 17일 시작 ~ 7월 31일 종료 예정장소: 강남역 스터디룸인원: 4~5명준비물: 맥북진행방법: 챕터별로 발표자가 리드관심있으신 분들은 아래 폼으로 신청해주세요https://forms.gle/LWD5uU14zkqpynVq8감사합니다.
",2019-06-12 16:54:59,"
#590192
 정기모임/스터디
"
유씨,"
                            
                            방학 특강 강사님을 찾습니다.
                        ","
안녕하세요. 안양의 대림대학교에서 일하는 유현성 교수라고 합니다.원래 개발 분야가 이쪽은 아니었는데, 어쩌다보니 관심을 갖고 자바웹개발 분야에 대해서 공부를 하고 있습니다.다름이 아니라, 혹시 이번 방학(7,8월) 중에 jsp-spring 특강을 해 주실 강사분이 있으신가해서 글을 남겨봅니다.학생 수는 10여명 정도이고, 시간은 대략 3~40 시간 정도를 생각합니다. jsp는 조금 경험이 있고 spring은 아예 무지하기에 기초 지식과 향후 독학방법을 알려주시는 정도면 좋을 듯 합니다.강사료는 내부 책정 기준이 4~6만원입니다. 학력과 경력에 따라 차등지급됩니다.회사에 재직 중이신 분도 좋고, 프리랜서로 활동하시는 개발자 분도 좋습니다. 학생들이 아직 부족하지만 배우려는 의지가 있으므로, 후배 양성에 도움을 준다고 생각해주시면 고맙겠습니다. 단순히 특강 뿐만 아니라, 이걸 계기로 좋은 인연이 되어 여러가지 측면으로 협업할 수 있는 기회가 되었으면 합니다.꼭 특강 아니더라도 대학과의 연계에 관심있으신 분은 메일 부탁드립니다. 특강 지원자분도 메일 부탁드립니다. (메일 : binarybard@naver.com)감사합니다. 저도 곧 spring 공부 예정인데, 자주 들러서 여쭤보도록 하겠습니다.
",2019-06-12 16:53:08,"
#590190
 정기모임/스터디
"
studysemina,"
                            
                            [서울/강남]아이폰 SNS+ECommerce 앱 스터디세미나(19년차개발자가 제작시범, 매주진행)
                        ","
안녕하세요주 1회 참여방식입니다.신청하시는 분들은 새로 신청하신 분들 위주로 1주차 스터디세미나 부터 진행하거나,본인이 희망하시면 기존 모임의 3주차 모임에 합류하시게 됩니다.<모집 공고>서울 강남구 근교에서 평일 저녁 또는 토요일 오후에 아이폰 SNS+ECommerce 앱 제작 스터디세미나를 진행합니다.19년차 현업 개발자가 직접 코딩 시범 보여주면서 진행합니다.스터디세미나 참여자를 모집합니다.1) 평일 저녁 7시 이후 또는 토요일 오후 3시 이후에  2시간씩 진행합니다. 주 1회 참여방식입니다.1시간 정도는 현업개발자가 현업 기술 관련 세미나 진행, 1시간 정도는 참여자 서로간 스터디방식 진행입니다.학원수업 또는 과외 방식이 절대 아닙니다.2) 서울 강남구 근교에서 진행합니다.3) 스위프트 언어와 오브젝트C 언어를 상황별로 검토해서 둘다 사용해 진행합니다.4) 스터디세미나 참여비로 스터디룸 대여비용 정도의 소액의 비용이 있습니다.5) 프로그래밍 완전초보자, 아이폰 완전초보자도 지원 가능합니다.6) 6월 24일 월요일 이후 시작할 예정입니다. 7) 3~4달 스터디세미나 진행하면서 1차 버전 아이폰 ECommerce+SNS 앱 제작해서 애플 앱스토어 통해서 정식 릴리즈 또는 애플 앱스토어 베타테스트 TestFlight 릴리즈 또는 Adhoc 클로즈테스트 릴리즈 할 예정입니다.8) 모임에 개인 맥북지참하시고 참여하시면 제일 좋고요, 집에 개인 아이맥,맥북, 기타 xcode개발환경 등등 가지고 계신상태에서 모임에 맥북없이 몸만 오셔도 참여는 가능합니다. 희망자는 studysemina@naver.com                         으로 간단한 자기소개 적어서 보내주시면,2~3일 내로 답변드리도록 하겠습니다.폰이나 카톡이 아닌 메일로만 연락드립니다.
",2019-06-12 11:12:35,"
#589965
 정기모임/스터디
"
prjmkrs,"
                            
                            (마감) 프로젝트 진행하실 학생분들 모집해봅니다.
                        ","
안녕하세요.지난번에 프로젝트 진행 관련하여 인원 모집을 하였었는데(이전글, https://okky.kr/article/583663)추가 모집을 하게되어 다시 글 쓰게 되었습니다개발자 한 분 충원 예정이며 비용은 무료입니다.방식은 프로젝트를 진행하며 현업자들이 멘토링을 진행해드리는 방식이구요.웹 프로젝트로 방향을 잡고 있습니다.java, javascript 언어정도는 숙지하고 계시면 좋을듯 하며백엔드 spring, 프론트엔드 react 로 진행 예정입니다.프레임웍은 안 써보셨어도 공부하며 해보실 시간적 여유와 열정만 있으시면 됩니다!지원은 메일로 간단한 소개와 github 주소, 혹은 포트폴리오 첨부해주시면 좋을것 같구요.문의는 코멘트나 오픈카톡으로 부탁드립니다 :)오픈카톡 - https://open.kakao.com/o/sx7G8rsb메일 - project.makers.team@gmail.com
",2019-06-11 17:55:42,"
#589713
 정기모임/스터디
"
스티브리자바,"
                            
                            (재능기부) 자바 쌩기초 스터디 모임 평일반 (6월14일부터)
                        ","
해당 스터디는 소정의 공간 대여료를 위한 금액만 받고 운영하게될 스터디 모임입니다 @ 커리큘럼 해당 스터디모임을 통해 클래스 및 객체지향언어에 대해 완벽히 이해 시켜 드립니다.더 이상 자바 기초때문에 힘들어하지 마세요.진도는 모임에 오시는 분들 수준을 보고 더 많은 내용이 나갈 수도 있습니다.자바로 제대로 돌아가는 프로그램을 한번도 못 만들어 보신분들에게 추천합니다.(static,캡슐화,인터페이스,상속 등) 1 자바 기초이론 JVM을 이해하자클래스의 구조객체를 이해하자지역변수와 필드 그리고 초기화 2 자바 실습과제실습명기간자바교육내용비고윈도우계산기3주 확정클래스,메소드,오버로딩,오버라이딩리스너이벤트,재귀함수,공통변수,스윙SWING을 이용한 윈도우창 계산기 구현키보드 입력컨트롤을 통한 자바 이벤트 처리  장소 : 봉천역공간은 등록글에 공지 시간: 오후8시~ 10시반 (2시간)날짜 : 6월 14일 ~ 7월 5일 매주금 4주간준비물 : 노트북(무조건필수) 등록방법비용 :  3만원 (모임1회 7500원)아래 게시판에서 등록https://cafe.naver.com/steveleejava/197 등록 문의 아래 오픈 채팅방 이용https://open.kakao.com/o/gOVnM4ob  
",2019-06-11 14:34:17,"
#589573
 정기모임/스터디
"
Wickies,"
                            
                            [마감] Node.js 스터디 모임 모집합니다. (풀스택)
                        ","
// 마감되었습니다. 이후 인원 추가시 다시 재업하도록 하겠습니다 감사합니다.안녕하세요 반갑습니다.공고에 앞서 간단히 제 소개를 드리자면 저는 이번에 갓 취업한 신입 노드 개발자입니다.Express, Sequelize, Vue, React, Typescript 등을 학습하긴 했지만 부족한 부분이 많다고 느껴서 스터디 모임을 개설하게 되었습니다.제 현재 관심사는 기존에 학습한 분야에 대한 심화 학습과 TDD, RxJS 입니다.제가 알고 있는 부분에 대해서는 성심성의껏 정보를 공유할 예정이며제가 잘 모르는 분야에 대해서 학습하시는 분이 계시다면 밤을 새서라도 따라가겠습니다.이전에 개설하거나 참여했던 스터디 모임의 실패 사례를 바탕으로이번엔 실패하지 않도록 부담스럽지 않은 선에서 차근차근 시작해볼 예정입니다.자세한 내용은 공고 확인 부탁드립니다.*공고함께 Node.js 스터디 모임 활동하실 분들을 모집합니다.대상은 자바스크립트 기반 프레임워크와 라이브러리를 활용해서 웹개발을 하고자 하는 모든 분들입니다.주제는 프론트엔드와 백엔드 구분 없이 다룰 예정이며 클라우드, 형상관리와 같이 개발자에게 필수적인  기술에 관해서도 다룰 예정입니다.현재 학습 수준이 높지 않더라도 기초적인 부분부터 학습하시면서 정보 공유 해주시면 참여가 가능합니다.저도 공부한 내용들을 복습하면서 자바스크립트, 노드 기초부터 정리해서 올릴 예정입니다.*진행 방식1. 카카오톡 오픈 채팅방에 모여서 정보를 공유 합니다. (저는 매일 공부하며 정리한 자료를 올릴 예정입니다.)2. 자율적으로 모각코(모여서 각자 코딩하기)를 진행합니다.3. 안면이 트고 서로의 요구사항이 파악되었을 때 요구에 맞게 사이드 프로젝트 혹은 세미나 형식으로 스터디 모임을 진행합니다.*규칙- 특별히 자격 제한은 없지만 참여형 스터디를 지향하기 때문에 바쁜 와중에도 시간 내셔서 활동하실 수 있는 분들만 참여 부탁드립니다. 활동이 없으신 분들은 채팅방에 상주해 계실 수 없는 점 양해 부탁드립니다.- 오프라인 스터디 지역은 참여 인원에 맞출 예정입니다. 경우에 따라 그룹이 분산될 수도 있습니다. 지역적인 문제로 인해 참여할 수 없는 분들의 경우 채팅방에서만 참여하셔도 좋습니다.- 정보 공유의 방식은 다양합니다. 기존 스터디 모임의 실패 요인이 스터디에 대한 부담이라는 생각이 들어서 그 부분을 해결하기 위해 자율적인 참여를 권장합니다. 간단하게 기술에 대한 감상 혹은 어려운 부분, 학습 후기를 남겨주셔도 되고 학습한 내용을 정리해서 올려주셔도 됩니다. 그 외에도 유익한 글 링크를 올려주시거나 책 추천 정도만 해주셔도 충분합니다.- 공유된 정보는 제가 취합해서 플랫폼에 업로드할 예정이며 추후 협업을 통해 스터디 모임을 위한 웹 페이지를 제작할 의사도 있습니다.- 오프라인 모임은 당분간 모각코로 진행할 예정입니다. 주말 이틀간 오픈형 스터디 카페에서 진행하며 자율적으로 가능한 시간에 오시면 됩니다. 저는 특별한 일이 없는 한 이틀 다 참석합니다.
",2019-06-11 12:18:33,"
#589514
 정기모임/스터디
"
iOSdevleopjunior,"
                            
                            iOS 스터디 없나요?
                        ","
현재 회사 다니면서 iOS 독학 하고 있는 개발자입니다. 혹시 iOS 스터디 서울권 없나요?현재 Obj-C는 어느정도는 할 줄 아는데, Swift같이 공부하실분이 계시다면 같이 스터디 하고싶습니다.
",2019-06-10 18:01:02,"
#589265
 정기모임/스터디
"
김진흥,"
                            
                            [모집 중] 안드로이드 중급 기술스택 향상을 위한 Meetup
                        ","
아래에 나열된 기술스택을 한번씩 공부해보고자 합니다. 각자 정해진 하나의 주제를 공부하셔서 토요일날 10분씩 발표하는 시간을 가지고자 합니다.발표형식은 자유입니다. 자기가 가장 잘 표현할 수 있는 방식으로 발표하시면 됩니다.코드로 실제 적용한 것을 설명해주셔도 되고 PPT로 설명하시거나 참고할 만한 사이트를 보고 설명해주셔도 됩니다.일단 6월 22일부터 시작하고자 합니다.이번 Meetup은 RecyclerView, Retrofit or Volley, Glide or Picasso, Gson or Jackson, Realm or Room or SQLite 정도는 사용 해보신 분을 대상으로 합니다.위의 것들이 정립 안 된 상태에선 이것을 공부하시는 것은 시간낭비일거라 생각하기에 대상을 한정하였습니다.참여하고자 하시는 분은 010-9775-4628로 문자주세요.모임 주제: 안드로이드 기술스택 향상을 위한 발표시작일: 6월 22일(가정)모임 장소: 강남역 or 역삼역모임 요일: 토요일모임 시간: 2시~4시연락처기술스택1. RxJava 2.x2. Dagger23. Kotlin Collections4. Kotiin anko5. Google Guava6. Jetpack - Room, LiveData, ViewModel, lifecycle7. Google AAC8. 마이크로소프트 MVVM
",2019-06-10 17:36:02,"
#589244
 정기모임/스터디
android
"
스티브리자바,"
                            
                            (재능기부) 자바 쌩기초 스터디 모임 평일반 (6월14일부터)
                        ","
해당 스터디는 소정의 공간 대여료를 위한 금액만 받고 운영하게될 스터디 모임입니다 @ 커리큘럼 해당 스터디모임을 통해 클래스 및 객체지향언어에 대해 완벽히 이해 시켜 드립니다.더 이상 자바 기초때문에 힘들어하지 마세요.진도는 모임에 오시는 분들 수준을 보고 더 많은 내용이 나갈 수도 있습니다.자바로 제대로 돌아가는 프로그램을 한번도 못 만들어 보신분들에게 추천합니다.(static,캡슐화,인터페이스,상속 등) 1 자바 기초이론 JVM을 이해하자클래스의 구조객체를 이해하자지역변수와 필드 그리고 초기화 2 자바 실습과제실습명기간자바교육내용비고윈도우계산기3주 확정클래스,메소드,오버로딩,오버라이딩리스너이벤트,재귀함수,공통변수,스윙SWING을 이용한 윈도우창 계산기 구현키보드 입력컨트롤을 통한 자바 이벤트 처리  장소 : 봉천역공간은 등록글에 공지 시간: 오후8시~ 10시 (2시간)날짜 : 6월 14일 ~ 7월 5일 매주금 4주간준비물 : 노트북(무조건필수) 등록방법비용 :  3만원 (모임1회 7500원)아래 게시판에서 등록https://cafe.naver.com/steveleejava/197 등록 문의 아래 오픈 채팅방 이용https://open.kakao.com/o/gOVnM4ob  
",2019-06-10 00:11:54,"
#588889
 정기모임/스터디
"
개발자가하고싶어요,"
                            
                            현장실습시켜주실곳있으면연락바랍니다
                        ","
돈안받고 한달정도 배우면서 일할곳찾습니다파이썬 자바스크립트 html css 아두이노 기본할줄압니다
",2019-06-08 22:50:53,"
#588786
 정기모임/스터디
"
리팩토링,"
                            
                            안드로이드 프로젝트 할 사람 구합니다.(대학생, 신입취업 준비생 수준의 포트폴리오)[안양, 군포, 의왕]
                        ","
지역 : 안양, 군포, 의왕시간대 : 주말(토 or 일) 오전 9시 ~ 오후 3시진행 : 주제를 정하고 각자 특징에 맞게 역할 분배 후 한 주마다 진행 상태 공유 및 지속적인 개발 방향의 대해 소통하는 시간을 가진다. -> 이 모임은 자바, 안드로이드에 대해 어느정도 공부한 사람을 대상으로 진행되는 모임이며이 글을 쓰는 본인도 자바, 안드로이드에 대해 공부를 하고 있는 사람입니다. 참여자 자격 : 관련 공부를 어느정도 한 사람이어야 한다.(자바, 안드로이드, jsp, 기초적인 db문법, 서버쪽 기초 프로그래밍) 사실 이렇게 적어놨어도 그렇게 실력 안봐요(제가 실력이 없어서...)강조-이 프로젝트는 기존 대학교4학년, 취업준비생을 대상으로 합니다.인원 제한:4명댓글로 객관적 실력 및 나이, 사는 지역 등 적어주시거나아니면 dhfemdkr@naver.com  이쪽으로 참여문의 부탁드립니다.카톡아이디:dhfemdkr <- 여기로 문의 주셔도 됩니다.
",2019-06-08 19:16:06,"
#588769
 정기모임/스터디
자바 안드로이드
"
달토끼네,"
                            
                            후오비 블록체인 하우스에서 스터디룸을 무료로 제공해드립니다.
                        ","
안녕하세요. 블록체인 커피클럽 담당자입니다.지난 5월에 오픈한 후오비 블록체인 커피하우스에서는블록체인 엑셀러레이팅을 비롯해 강연/세미나, 투자, 네트워킹, 블록체인 정보 공유, 멘토링 등 다채로운 프로그램을 준비하고 있습니다.오픈 기념으로 한시적으로 블록체인 관련 스터디를 하시는 분들께B1에 자리한 커피클럽 공간을 6월 한달간 무료로 개방해드리고자 합니다. (블록체인 스터디 or 동아리 활동 등 모두 환영합니다. 3팀만 모집! :))혹시 관심있으신분은 아래 신청링크로 신청해주시면개별적으로 연락드리고 예약 도와드리도록 하겠습니다.신청링크: http://bit.ly/2WtKIJZ관련기사: https://m.post.naver.com/viewer/postView.nhn?volumeNo=20067205&memberNo=31875496&vType=VERTICAL※ 이곳을 이용하시는 분들께서는 블록체인 관련한 다양한 오픈 행사&프로그램에자유롭게 참여가능합니다.모집이 마감되면 글을 내리도록 하겠습니다.감사합니다.
",2019-06-07 18:10:49,"
#588628
 정기모임/스터디
"
메시리,"
                            
                            안드로이드 스터디식 앱 개발 인원 모집합니다!
                        ","
웹 개발자 4개월 신입이구요. 전공자도 아니고 아무것도 아니지만 순수히 안드로이드 네이티브 앱을 출시 해보고싶어 팀을 구하고 있습니다. 목적은 안드로이드 앱 개발이지만 기본적인 목적은 스터디 입니다. 포지션 딱 정해서 넌 백단, 넌 프론트 뭐 이런거 말고 서로 앱 개발 자체를 배워가고, 상의하며 프로젝트도 정하고 피드백도 하며 앱 출시가 목표입니다. 저도 한 번도 앱은 해본적이 없어서 저처럼 하나도 모르시는 분 오셔도 좋습니다. 주 1회정도 주말 모임 생각하고 있구요. 자신의 몫은 모임 전까지 해오고 설명 해주고 피드백 해주고 그러면 좋겠습니다. 자세한 사항들은 팀이 만들어지면 상의해서 결정하는게 좋을 것 같습니다. 저도 처음 해보는거라 잘 몰라서 서로 상의를 많이하고 이끌어가면 좋겠습니다. 인원은 대략 5명 정도 생각하고 있구요거주지는 서울이며, 28세 남자 입니다. 너무 딱딱한 분위기 말고 즐거운 분위기를 추구 합니다. 자신이 잘한다고 혼자 억지로 끌고 가려고 하는 그런 방식은 원치 않습니다. 이상입니다! 생각 있으신 분은 카톡 연락주세요 카톡 ID : qudejr13
",2019-06-07 11:37:52,"
#588428
 정기모임/스터디
"
굥이,"
                            
                            웹제작관련
                        ","
궁금한게있어서  그러는데요스포츠토토  사설사이트나  해외사이트같은거  제작하려면  얼마나걸려요?혹시  그리구  어떤부분  공부해야하는지  오픈소스나 소스혹시구할방법은  없을까요?
",2019-06-07 04:02:25,"
#588328
 정기모임/스터디
"
Karen,"
                            
                            [OKKY세미나] MS Imagine Cup 국가대표의 스타트업 도전기 - 창업 실패부터 현재 커리어를 만들기까지
                        ","
OKKY 회원 여러분 안녕하세요!6월 OKKY 세미나에 모실 발표자님은, 이미 아는 분들은 알고 계실‘늦깎이 개발자 실전 프로젝트로 성장하다 (링크)’‘5년차 안드로이드 개발자의 첫 이직 이야기 (링크)’ 의 주인공 이승민님입니다~ :)기계공학에서 컴공으로 전과3개월 간 숙식하며 준비한 Microsoft Imagine Cup에 한국 대표로 진출창업 실패 후 또다시 스타트업에 도전하여 EXIT리멤버(드라마앤컴퍼니)를 거쳐 뱅크샐러드(레이니스트)에 이르기까지“도전”이라는 단어가 정말 잘 어울리는 분이 아닐 수 없는데요~이번 OKKY 세미나에서는 창업 실패부터 현재 커리어를 만들기까지의 FULL STORY를 아낌없이 나누어주신다고 합니다!또한 발표 후에는 추가 패널 두 분 및 참석자분들과 함께 FREE TALKING을 통해 속시원한 질의응답 시간도 가질 예정이오니, 많은 참여 부탁드립니다~ :D참가 대상학생/취준생/신입/주니어 등 개발자 커리어에 관심 있으신 모든 개발자분들　발표자 및 프로그램 소개　이승민2011년부터 안드로이드 개발을 시작하여, 현재는 자산관리 서비스 ‘뱅크샐러드’의 6년차 안드로이드 개발자로 일하고 있습니다.개발 외에도 협업, 사업 등 가치를 만들어가는 일에 관심이 많습니다. 개발은 가치를 위한 수단 중 하나라고 생각합니다.개발만 잘하는 사람보다는 인생을 즐기고, 세상을 아는 사람이 되고 싶습니다. 그래서 사람 만나는 것을 좋아하며 여행, 페스티벌, 축구, 춤, 게임, 애니메이션 등 다양한 취미에 도전합니다.하고 있는 개발 관련 활동 : GDE Android Korea, Droid Nights Organizer 등 지식 공유 및 커뮤니티 활동을 활발히 하고 있습니다.1부 발표 <MS Imagine Cup 국가대표의 스타트업 도전기 - 창업 실패부터 현재 커리어를 만들기까지 (50’)>창업 실패에서 시작하여 현재 뱅크샐러드까지, 어떻게 성장하며 커리어를 만들었는지 소개합니다. 뱅크샐러드로 오면서 느끼고 배웠던 이직에 대한 생각도 나눕니다.2부 FREE TALKING (40')이승민 : 뱅크샐러드. 6년차 안드로이드 개발자노상범 : 개발자 커뮤니티 OKKY 대표 / 개발자 전문 서치펌 eBrain 대표이경일 : 네이버 메인플랫폼 개발랩, 카카오 커머스플랫폼을 거쳐 현재 네이버 비즈서비스 개발 담당　일시 및 장소　일시 : 2019년 6월 13일 (목) PM 8:00 - 9:40장소 : 마루180 - 지하1층 이벤트홀 (지도)서울시 강남구 역삼로 180 (역삼동, 790-6)(역삼역 2번 출구에서 약 700m. 지하 1층)주차는 지원되지 않습니다. 대중교통 이용 부탁드립니다.　등록 방법　참가 신청 설문지 작성 후, 아래 계좌에 참가비를 입금해주세요.참가비 : 20,000원 (입금 선착순 50명)간단한 다과가 제공됩니다.계좌 : 카카오뱅크 3333-06-5259540 / 예금주 : 조혜현등록 확인설문 작성 내용 및 입금 기록을 확인하여 매주 금요일에 참가 확정 안내 메일을 보내드립니다.설문지에 기록한 이름과 예금주가 다를 경우 hhjo@okky.kr 로 따로 알려주세요.등록 취소 신청 시점에 따른 환불 안내 (OKKY 세미나 공통)세미나 3일 전 : 등록 결제 금액의 100% 환불세미나 2일 전 : 세미나 등록 결제 금액의 50% 환불세미나 1일 전 - 세미나 당일 : 환불 불가문의 : hhjo@okky.kr참가 신청
",2019-05-24 15:56:45,"
#583610
 IT 행사
OKKY OKKY세미나 이승민 뱅크샐러드 스타트업 개발자커리어
"
OKKY,"
                            
                            OKKY 정기모임/스터디 게시판 - 유료 과외 및 수익성 프로젝트 모집 글 금지 안내
                        ","
OKKY 회원 여러분, 안녕하세요.OKKY 운영진입니다.정기모임/스터디 게시판에 올라오는 유료 과외 모집글에 대한 피드백이 지속적으로 접수되고 있습니다.정기모임/스터디 게시판은 OKKY에서 직접, 혹은 회원분들이 자발적으로 개최하시는 정기모임과 비수익성 스터디모임을 위해 만들어진 공간입니다.많은 회원분들께서 이를 잘 인지하여 사용하고 계시나, 간혹 유료 과외를 모집하거나 수익성 프로젝트에 참여할 사람을 구하는 ‘구인 활동’을 하는 분들이 계십니다.이와 같이 게시판 취지에 맞지 않는 게시글은, 이 공지사항이 게시된 이후 경고 없이 ‘학원/홍보’ 게시판으로 이동됩니다.또한 이후에도 계속적으로 ‘정기모임/스터디’에 유료 과외 모집글을 올리실 경우, 계정 제재가 이루어질 수 있음을 알려드립니다.관련 문의는 info@okky.kr 로 보내주세요.감사합니다.개발자를 행복하게 해주는 커뮤니티OKKY 운영진 드림
",2018-12-21 17:56:30,"
#534396
 공지사항
OKKY 게시판 스터디
"
OKKY,"
                            
                            OKKY 정기모임/스터디 불법 게시물 공지사항
                        ","
OKKY 회원 여러분, 안녕하세요.OKKY 운영진입니다.최근 정기모임/스터디 게시판에서, 유료 온라인 강의를 타인과 나누어 결제하기 위해 홍보하는 게시물이 발견·신고 되었습니다.이러한 행위는 각 유료 강의를 제공하는 서비스 주체의 이용약관을 위반하는 불법적·비도덕적 행위입니다.이 공지사항이 게시된 이후 유사한 종류의 게시물이 올라올 경우 해당 게시물은 경고 없이 삭제됩니다.또한 해당 게시물을 등록한 회원에게는 1회 경고 메일 발송 후, 동류의 게시물을 재차 등록 시 계정 삭제 조치를 취할 것을 알려드립니다.기존 불법 게시물들에 ‘반대’, 비판 댓글, 신고 등으로 의견을 표해주신 회원분들께 감사드리며,앞으로도 관련 신고는 info@okky.kr 로 부탁드립니다.감사합니다.개발자를 행복하게 해주는 커뮤니티OKKY 운영진 드림
",2018-11-27 11:12:35,"
#525814
 공지사항
OKKY 정기모임/스터디 불법게시물
"
평창수,"
                            
                            (수원)포폴용 쇼핑몰 프로젝트 같이 하실 웹디자인 분야 인원 구해봅니다.
                        ","
안녕하세요 저는 백엔드 취업준비하고 있는 취준..백수? 입니다.지금 첫프로젝트로 도서쇼핑몰 제작을 준비하고 있습니다.최종적으로 완성하고자 하는 모델을 생각해 두었고, 쇼핑몰 제작에 필요한 백엔드 관련 지식은 어느정도 갖추고 있습니다.(스프링활용)다만 지금 전체적인 쇼핑몰의 레이아웃이나 ui등 뷰에 관련된 자바스크립트, css 작업을 혼자 하기에는지식도 부족하고 시간적으로도 부족하여 팀프로젝트 스터디로 진행해보려고 합니다.처음에는 계획 및 작업리스트를 정한 후 각자 업무 수행하고 주 1,2회 만나서 진행상황 확인하는 식으로 진행해 보려고 합니다. 프로젝트 기간은 대략 2~3주로 잡고 있습니다. 위치는 수원이구요간단한 쇼핑몰이기 때문에 인원은 프론트1~2명 백엔드1~2명 생각중입니다.프론트, 백엔드 분야가 협업하는 경험을 쌓는 좋은 기회가 되면 좋겠습니다.  :)생각있으신 분들은 댓글남겨주시거나 https://open.kakao.com/o/sAnqjSrb 오셔서 대화주셔요^^
",2019-06-07 01:33:32,"
#588308
 정기모임/스터디
프론트 백엔드 포트폴리오 프로젝트 스터디
"
아르기닌,"
                            
                            강남역 모각코 모집
                        ","
안녕하세요. 모여서 각자 코딩 스터디를 모집합니다.현재 저 포함하여 세 명 모였고장소는 강남역에 있는 한 카페 입니다(장소는 아래 링크 참고)https://goodbrather.modoo.at/강남역 11번 출구에서 걸어서 4~5분 정도인거 같아요미니멈 세시간, 주 2회 생각하고 있고요일 및 벌금제 등은 인원 차면 정하려고 합니다인원은 최대 5명 생각하고 있습니다좀 꾸준히 운영 하고자 하니 신중히 생각해보시고 연락주시면 감사하겠습니다surhommekim@gmail.com 로 이메일 부탁드립니다감사합니다
",2019-06-06 13:36:14,"
#588230
 정기모임/스터디
"
부마르01,"
                            
                            정부지원2000만원 프로젝트 앱 개발자 구해요
                        ","
제가 진행중인 프로젝트에   안드로이드/ios  어플리케이션 개발자분 혹은 프리랜서로 근무중이신  경력자 개발자분  또는 프로젝트같이 참여하실 분 모십니다 급여는 후하게드립니다.  앱개발 경험 있으신분만 차량위치기반으로 운전자에게 정보를 알려주는 시스템이구요 급여는 600이상이며 프로젝트 끝까지 같이 참여하실경우 1000이상과 앱이 실용화가 될경우 그 이상 값어치를 드립니다. 함께하실분을 찾고있습니다. 010  8060  4769  여기로연락주시면 감사드립니다.
",2019-06-05 15:06:44,"
#588005
 정기모임/스터디
"
드런딩코,"
                            
                            프로그래머스 사이트에 온라인자바강의
                        ","
프로그래머스 사이트보면코딩테스트와 실무역량을 위한.스티디 자바반이 있는데이거 4주간인데 32만원인데...이런거 혹시 1기로 해보신분있나요?자바를 아얘 못하는건 아니고남이써놓으며 설명하는 코드를 어느정도 알아채고.이해하하고 제가창의적으로 혼자서 뭔가를 써내려가는능력이 부족하고 뭔가 프로젝트나 참여는해본적이 아직은 없어요...
",2019-06-05 11:42:31,"
#587889
 정기모임/스터디
"
스티브리자바,"
                            
                            (재능기부) 자바 쌩기초 스터디 모임 평일반 (6월14일부터)
                        ","
해당 스터디는 소정의 공간 대여료를 위한 금액만 받고 운영하게될 스터디 모임입니다 @ 커리큘럼 해당 스터디모임을 통해 클래스 및 객체지향언어에 대해 완벽히 이해 시켜 드립니다.더 이상 자바 기초때문에 힘들어하지 마세요.진도는 모임에 오시는 분들 수준을 보고 더 많은 내용이 나갈 수도 있습니다.자바로 제대로 돌아가는 프로그램을 한번도 못 만들어 보신분들에게 추천합니다.(static,캡슐화,인터페이스,상속 등) 1 자바 기초이론 JVM을 이해하자클래스의 구조객체를 이해하자지역변수와 필드 그리고 초기화 2 자바 실습과제실습명기간자바교육내용비고윈도우계산기3주 확정클래스,메소드,오버로딩,오버라이딩리스너이벤트,재귀함수,공통변수,스윙SWING을 이용한 윈도우창 계산기 구현키보드 입력컨트롤을 통한 자바 이벤트 처리  장소 : 봉천역공간은 등록글에 공지 시간: 오후8시~ 10시반 (2시간)날짜 : 6월 14일 ~ 7월 5일 매주금 4주간준비물 : 노트북(무조건필수) 등록방법비용 :  3만원 (모임1회 7500원)아래 게시판에서 등록https://cafe.naver.com/steveleejava/197등록 문의 아래 오픈 채팅방 이용https://open.kakao.com/o/gOVnM4ob 
",2019-06-05 09:10:12,"
#587778
 정기모임/스터디
"
최프로,"
                            
                            [전문가 섭외] 유튜버와 함께 콘텐츠를 꾸리실 블록체인 개발 전문가를 찾습니다.
                        ","
안녕하세요. (주)인더플레이그라운드 사업기획 최연지 프로입니다.저희 인더플레이그라운드는 '퍼즈' 유튜버를 통해 코인차트분석과 매매와 관련된 정보를 제공하고있습니다.이번에 암호화폐 전문 유튜버로서 양질의 콘텐츠를 제작함과 동시에 시청자들의 니즈(needs)에 도움이 되는 정보를 전달하고자 합니다.프로젝트 백서부터 오픈소스 및 개발 진행사항, 프로젝트의 확장성 등 다양한 정보를 전문적인 관점에서 분석하고, 시청자가 충분한 정보를 얻으며 소비자의 안전한 투자에 도움이 되고자 하는 취지 아래 유튜버 '퍼즈'와 함께하실 전문가로서 촬영에 참가하실 전문가를 섭외하고자 합니다.콘텐츠는 다양한 코인을 분석함으로 정기적인 모임형태의 촬영 일정을 통해 진행할 예정이며,자세한 사항은 아래의 링크 문서를 참조 부탁드리겠습니다.https://drive.google.com/file/d/1TmljkFVqUKoId1SpTOCg3ganv7O3VVoy/view?usp=sharing긴글 읽어주셔서 감사합니다.※ 관련 문의 : 최프로 (juse657@gmail.com / 010. 9l98. 86ee)
",2019-06-04 18:53:47,"
#587670
 정기모임/스터디
"
Reale,"
                            
                            stm32 스터디 모집합니다
                        ","
안녕하세요. stm32f4 시리즈 스터디 모집합니다.현재 저 포함 두 명입니다.저희 두 명다 stm32 거의 다뤄본적 없는 상태에서 시작합니다.유튜브에 있는 강의를 따라해서 어떻게 동작시키는지 습득하고HAL 드라이버에 대해 간단히 공부하면서 진행할 예정입니다.(일단, 의지와 열정만 있으시면 연락주세요. 진행하고 싶은 방향 얘기하시면스터디원이랑 얘기해서 방향을 바꿀 수 있어요)그리고, 저희 스터디의 가장 큰 목적은 빠른 시간내에 stm32 페리페럴과 ide를 익히고프로젝트로 들어가는 것입니다!!!!tjsgk11카톡남겨주세요
",2019-06-04 17:35:50,"
#587638
 정기모임/스터디
"
리팩토링,"
                            
                            안드로이드 프로젝트 할 사람 구합니다.(대학생, 신입취업 준비생 수준의 포트폴리오)[안양, 군포, 의왕]
                        ","
지역 : 안양, 군포, 의왕시간대 : 주말(토 or 일) 오전 9시 ~ 오후 3시진행 : 주제를 정하고 각자 특징에 맞게 역할 분배 후 한 주마다 진행 상태 공유 및 지속적인 개발 방향의 대해 소통하는 시간을 가진다. -> 이 모임은 자바, 안드로이드에 대해 어느정도 공부한 사람을 대상으로 진행되는 모임이며이 글을 쓰는 본인도 자바, 안드로이드에 대해 공부를 하고 있는 사람입니다. 참여자 자격 : 관련 공부를 어느정도 한 사람이어야 한다.(자바, 안드로이드, jsp, 기초적인 db문법, 서버쪽 기초 프로그래밍)강조-이 프로젝트는 기존 대학교4학년, 취업준비생을 대상으로 합니다.인원 제한:4명댓글로 객관적 실력 및 나이, 사는 지역 등 적어주시거나아니면 dhfemdkr@naver.com 이쪽으로 참여문의 부탁드립니다.
",2019-06-04 12:22:09,"
#587392
 정기모임/스터디
안드로이드 프로젝트 포트폴리오 자바 안양 군포 의왕
"
두더지,"
                            
                            [마감] 평일(월) 강남 알고리즘(자바) 및 하반기 이직준비 스터디원 모집합니다.
                        ","
안녕하세요.하반기 이직을 목표로 하는 스터디 모임입니다.이전에는 면접준비스터디로 만나서 서로가 알고있는 경력 면접질문을 공유하고해당하는 답변 및 피드백을 주고받으며 진행하다가요번에 코딩테스트 준비겸 알고리즘도 진행하게 되었습니다.스터디는 2시간 +@ 정도 진행하며,30분~1시간정도가량은 알고리즘 문제풀이 로직공유나머지 시간은 따로 ""코딩 인터뷰 완전 분석"" 을 사전에 챕터를 선정하고 공부해온 것을 토대로공유 및 스터디진행할 것 같습니다.그리고 원래의 목표인 하반기 이직에 초점을 둔 만큼 수시로 경력기술서는 최신화 해두고서로가 피드백도 주고받고 있습니다.--- 추가 ----현 인원 모두 웹 벡엔드 개발자이며자바를 기반으로 스터디를 진행합니다!프론트, 벡엔드, SQL, 서버(인프라) 영역내에서 스터디가 진행될 것 같습니다.현재 인원 : 4명 ( 1~4년차 웹 개발자 )충원 인원 : 1 ~ 2명스터디 날짜 : 월요일 오후 7시 ~ 9시 +@스터디 장소 : 강남역 11번출구 부근 ( 현재 카페에서 진행했으나 인원 더 늘어날 시 스터디룸 대여하려 합니다. )이 외에도 스터디를 진행하다가 좋은 안건내주시면 환영합니다.자세한 사항은 카카오톡 아이디 ckadkarja << 으로 톡주세요.~마감시 글 제목에 [마감] 업데이트 하겠습니다.감사합니다.
",2019-06-04 09:32:39,"
#587287
 정기모임/스터디
"
취뽀데스.,"
                            
                            KB KISA가 주관하는 핀테크 해커톤에 참여하실 분 모집합니다.(마감)
                        ","
안녕하세요. IT업계에서 취준을 준비하고 있습니다. 그리고 아래 링크는 KB국민은행과 KISA가 주관하는 핀테크 해커톤입니다.https://m.onoffmix.com/event/179492수상하게 되면 서류 또는 필기에서 면제 받을 수 있기에, 되도록 KB국민은행 ICT 직군에 지원하실 분들과 함께 하고싶습니다.KB국민은행 ICT 직군에 관심이 없으셔도 열정을 가지고 해커톤에 참여하실 분이라면 환영합니다~!카톡아이디 ske02154 이니 해커톤에 참여하시고 싶으신 분들은 연락주세요!
",2019-06-03 18:36:17,"
#587169
 정기모임/스터디
"
코딩하는법무사,"
                            
                            [초보] Html+ Css & JS 스터디 모집합니다. 모집기간 2019-06-20까지
                        ","
장소 : 인천 가정동 근처스터디 일정 : 매주 ""주말"" 오전 또는 오후 협의 후 결정 정기스터디, 주중 번개 스터디 협의후 가능.level : 超초보!! 초급수준 목적 : 같이 모여서 예제문제 한번 씩 풀어보고 서로 대화 좀 나누는 정도댓글 남겨주세요~카톡 : hihelper
",2019-06-03 15:32:46,"
#587049
 정기모임/스터디
javascript html css
"
jnssanaee,"
                            
                            프론트엔드 취업 준비하시는 분~
                        ","
안녕하세요. 현재 프론트엔드로 직군전향을 준비하고 있는 1人 입니다.프론트엔드로 직군 전향 준비중이시거나 신입으로 준비중이시는 분 다 환영입니다.아래 방 오셔서 서로 정보도 공유하고, 친목도 쌓는 좋은 방 됐으면 좋겠습니다 :)

https://open.kakao.com/o/g95UFZqb
",2019-06-01 16:16:45,"
#586576
 정기모임/스터디
프론트엔드 vue react
"
안녕하세요123,"
                            
                            Ios 개발 스터디 있나요?
                        ","
안녕하세요, ios 개발을 혼자 공부중인데 혹시 스터디가 있으면 참여해서 같이 공부하고 싶습니다.2월부터 공부했구요. 인터넷 강의로 계속 공부중입니다
",2019-06-01 11:01:46,"
#586553
 정기모임/스터디
Ios
"
파란,"
                            
                            임베디드 리눅스 스터디 하실 분 모집합니다.
                        ","
안녕하세요.정기적으로 임베디드 리눅스 프로그래밍 스터디 하실분 구합니다.아직 개발보드는 정하지 않았습니다. 모집이 완료되면 만나서 같이 보드와 진행방향을 정하고 일정도 조율해봐요.또한 추후에 프로젝트도 진행할 생각입니다.장소는 신촌, 홍대, 강남 중 한 곳으로 정할 생각입니다.임베디드 분야에 관심이 있고  공부중이신분은 연락주세요.카톡ID: thoon94
",2019-05-30 15:41:59,"
#585863
 정기모임/스터디
"
deepblue,"
                            
                            창업에 뜻이 있고, 준비중인 역량있는 개발자분을 모십니다.
                        ","
안녕하세요.저는 IT업종에서 20년간 영업, 마케팅 업무를 해왔고, 현대도 같은 분야에서 작은 법인 사업체의 대표로 다수의 파트너와 함께 일하고 있습니다.창업한지도 10년이 넘었고, 현재도 기업용 솔루션과 SI형태의 SI개발사업을 하며 회사를 운영중입니다. 오키 사이트에서는 프리랜서 개발자를 비롯한 관련 업계 종사자들의 커뮤니티라서 가끔 글을 읽으며 도움을 받고 있습니다.저는 창업에 관심이 있는 역량있는 1인 개발자분과 협력하고 작은 생태계 내에서 서로 도움을 줄 수 있는 환경을 만들고 싶습니다.*제가 도움을 드릴수 있는 역량있는 분야- 10년간 3개의 법인은 설립하면서 경험했던 창업 노하우 공유 및 전수(현재 법인 대표)- 제품과 서비스의 상품화 지원(홈페이지 구축부터 온라인 마케팅까지 총괄 지원)- 1인 법인 설립 자문(다수의 창업가 법인 설립 및 운영 자문 경험)- 기업운영 실무 노하우 공유(세무, 법무, 특허 자문단 운영)- 공동으로 사업 추진 및 수익 공유(협동조합 형태는 아니고, 작은 기업이 모인 각자 독립된 사업협력체 입니다)- 보증금 없는 저렴한 업무공간 공유(서초 양재역(뱅뱅사거리 인근) 위치)- 현재 3개의 SW개발 회사와 가치를 공유하며 협력중에 있습니다.* 제가 만나서 함께 협력하고 싶은분- IT회사를 다니면서 자신만의 아이디어로 창업을 계획하시는 분- 현직 개발자로서 프리랜서로 일하며 창업을 계획하시는 분- IT분야가 아니라도 기획능력이 있어 자신만의 아이디어로 검증된 좋은 개발자를 만나 창업을 계획하시는 분- 기타 창업을 계획하시는 분- 자신이 소유하고 있는 기술과 지식, 인적자원을 멤버들을 위해 최대한 협조하고 공유하고자 하시는 분- 타인의 열정과 역량을 끌어올릴 수 있는 분참여하시고자 하는 분들은 간략한 자기소개가 담긴 메일을 보내주시면, 연락드리고 전체가 함께 모일 수 있는 시간을 저희 사무실에서 가지도록 하겠습니다.jackblue@hanmail.net
",2019-05-30 13:59:53,"
#585804
 정기모임/스터디
"
nueees,"
                            
                            [강남] 오라클 아키텍쳐 스터디
                        ","
안녕하세요. 오라클 아키텍쳐 스터디를 시작하려 합니다.장소는 강남시간: 일요일 오전 10시 ~ 오후 1시 책 : 전문가를 위한 오라클 아키텍처 입문-> 관련목차: http://www.kyobobook.co.kr/product/detailViewKor.laf?ejkGb=KOR&mallGb=KOR&barcode=9791188621101&orderClick=LET&Kc=총 16장이고, 한 주에 2장 정도 읽어와서 정리해보는 시간 가지려고 합니다. 책 한권을 2달 안에 마치겠습니다. 2019년 6월 16일(일) 부터 시작하겠습니다. 기존에 SQL만 다뤘던 분(ex.개발자)이면 성능 문제 트러블슈팅을 위한 기본적인 베이스 습득의 기회로, DBA 준비하거나 현업에 계신다면 알고 있는 내용 정리할 수 있는 기회로 참석하시면 될 것 같습니다.자격제한 : 쿼리 조금은 이해하시는 분. 연락처 : chwhse@gmail.com 
",2019-05-29 15:18:31,"
#585321
 정기모임/스터디
오라클스터디
"
부산개발자,"
                            
                            부인모(부산 인공지능 모임) 1기 모집 안내 (매주 월요일 저녁 8시)
                        ","
부인모(부산 인공지능 모임) 1기 모집 안내매주 자유롭게 인공지능 내용을 준비해서 발표하는 모임입니다. 입문부터 실전응용까지 다양하게 부담없이 공부한 내용을 매주 모여서 발표하는 자리입니다. 참석하시는 분들은 모두 발표를 준비해오셔야 합니다. (최소시간은  5분이상)[주제]- 인공지능 관련된 모든 내용- 캐글- 텐서플로- 사이킷런- 기타..[장소]거제 초등학교 건너편 2층 강한 수학앞입니다.[시간]( 6/3일부터 매주 월요일 저녁 8시 )[비용]참석비 : 무료[신청]신청은 https://goo.gl/forms/cntMIJzF4nj2SiDf1 에서 신청 부탁드립니다.
",2019-05-29 10:38:36,"
#585143
 정기모임/스터디
"
nodestudy,"
                            
                            vuejs와 nodejs로 미니 실시간 주식현황 시스템 구현 세미나(일요일)
                        ","
현재 vue와 node로 프로젝트 진행하고 있는 현업개발자입니다.front는 vue, 서버는 node로 socket서버를 구현하여 미니 실시간 주식현황 시스템을 구현하는 세미나를 진행하려고 합니다.   실제 거래소 api와 연동하여 real data를  socket을 통해 웹화면에서비스하는 시스템을 구현합니다.  기본소스 제공하며 참여하시는 분들과 직접 구현하며 총2회에 걸쳐 완성합니다.  구현될 동영상1(https://youtu.be/SrGEZ91Vj1w   )세미나 1회차구현될 동영상2(https://youtu.be/C5NNE2rfxaY   )세미나 2회차1.장소:서울 가산디지털단지2.일시:6월 9일/6월 16일/ 일요일 오전 9시 30분 ~ 12시 30분 3.준비물: 각자 노트북은 준비하셔서 오시기 바랍니다. 4.대상:vue와 node를 전혀 모르시는 분 or 기초만 아는 개발자.(자바스크립트 기본은 아셔야해요)                                                                     5.인원:8명카톡 오픈채팅방으로 (https://open.kakao.com/o/sjMUYqdb   )또는 node5509@gmail.com으로     문의 주세요.문의 주시면 답변드리도록 하겠습니다.소정의 장소대여비 있습니다..
",2019-05-29 10:30:13,"
#585141
 정기모임/스터디
"
스티브리자바,"
                            
                            ◆ (재능기부) 자바 프론트엔드 개발 실전 스터디 모임 평일반 (6월17일부터) ◆
                        ","
@ 모임소개 프론트엔드 개발을 시작하는 분들에게 핵심이론 및 기초이론을 실전 코딩을 기반으로강의를 진행합니다.  안녕하세요. 스티브리 자바입니다. 대기업 IT 공채 출신으로 10년차 개발자로 활동하고 있습니다.현재 190명 이상이 참여하는 교육카페를 운영 중이며, 자바웹을 통해 개발자가 되고 싶은분들을 위해 스터디 모임 및 강좌 그리고 진로상담으로 도움을 드리고 있습니다.  백엔드 개발자라도 회사에서는 올라운드 플레이어를 원하기 때문에 프론트엔드를 모르고서는일을 하기 힘들죠. 관련하여 백엔드개발자 입장에서 프론트엔드 개발도 할 수 있도록 도움을드리겠습니다. 해당 스터디는 영리목적이 아닌 순수한 재능기부형태로 진행되며, 소정의 공간임대료와 운영비로만 등록비를 사용합니다. 많은 관심 부탁드립니다. 감사합니다. @ 사용 언어 및 기술언어jsp, javascript, jquery, css, jstl기술flex, ajax, json @ 모임장소 및 기간6월17일 ~ 7월1일 매주 월요일 저녁8시~10시2호선 봉천역 5분거리 @ 비용1회당 7500원 @등록방법아래게시글 참조https://cafe.naver.com/steveleejava/184
",2019-05-27 19:33:55,"
#584499
 정기모임/스터디
"
앵글,"
                            
                            [마감] vuejs 스터디
                        ","
현재 react,nodejs 관련 프로젝트를 하고 있는 3년차 개발자입니다.최근 vuejs에 관심이 생겨 공부하려고 하는데 같이 정보공유하고 스터디하는 스터디를 진행해볼까 합니다.인원 : 3-4명요일 및 시간 : 평일 저녁 중 요일 및 시간은 인원이 모이면 맞춰보려고 합니다.장소 : 보정 카페거리shobox30@gmail.com 으로 연락주세요
",2019-05-27 16:40:05,"
#584381
 정기모임/스터디
"
Karen,"
                            
                            [OKKY세미나] MS Imagine Cup 국가대표의 스타트업 도전기 - 창업 실패부터 현재 커리어를 만들기까지
                        ","
OKKY 회원 여러분 안녕하세요!6월 OKKY 세미나에 모실 발표자님은, 이미 아는 분들은 알고 계실‘늦깎이 개발자 실전 프로젝트로 성장하다 (링크)’‘5년차 안드로이드 개발자의 첫 이직 이야기 (링크)’ 의 주인공 이승민님입니다~ :)기계공학에서 컴공으로 전과3개월 간 숙식하며 준비한 Microsoft Imagine Cup에 한국 대표로 진출창업 실패 후 또다시 스타트업에 도전하여 EXIT리멤버(드라마앤컴퍼니)를 거쳐 뱅크샐러드(레이니스트)에 이르기까지“도전”이라는 단어가 정말 잘 어울리는 분이 아닐 수 없는데요~이번 OKKY 세미나에서는 창업 실패부터 현재 커리어를 만들기까지의 FULL STORY를 아낌없이 나누어주신다고 합니다!또한 발표 후에는 추가 패널 두 분 및 참석자분들과 함께 FREE TALKING을 통해 속시원한 질의응답 시간도 가질 예정이오니, 많은 참여 부탁드립니다~ :D참가 대상학생/취준생/신입/주니어 등 개발자 커리어에 관심 있으신 모든 개발자분들　발표자 및 프로그램 소개　이승민2011년부터 안드로이드 개발을 시작하여, 현재는 자산관리 서비스 ‘뱅크샐러드’의 6년차 안드로이드 개발자로 일하고 있습니다.개발 외에도 협업, 사업 등 가치를 만들어가는 일에 관심이 많습니다. 개발은 가치를 위한 수단 중 하나라고 생각합니다.개발만 잘하는 사람보다는 인생을 즐기고, 세상을 아는 사람이 되고 싶습니다. 그래서 사람 만나는 것을 좋아하며 여행, 페스티벌, 축구, 춤, 게임, 애니메이션 등 다양한 취미에 도전합니다.하고 있는 개발 관련 활동 : GDE Android Korea, Droid Nights Organizer 등 지식 공유 및 커뮤니티 활동을 활발히 하고 있습니다.1부 발표 <MS Imagine Cup 국가대표의 스타트업 도전기 - 창업 실패부터 현재 커리어를 만들기까지 (50’)>창업 실패에서 시작하여 현재 뱅크샐러드까지, 어떻게 성장하며 커리어를 만들었는지 소개합니다. 뱅크샐러드로 오면서 느끼고 배웠던 이직에 대한 생각도 나눕니다.2부 FREE TALKING (40')이승민 : 뱅크샐러드. 6년차 안드로이드 개발자노상범 : 개발자 커뮤니티 OKKY 대표 / 개발자 전문 서치펌 eBrain 대표이경일 : 네이버 메인플랫폼 개발랩, 카카오 커머스플랫폼을 거쳐 현재 네이버 비즈서비스 개발 담당　일시 및 장소　일시 : 2019년 6월 13일 (목) PM 8:00 - 9:40장소 : 마루180 - 지하1층 이벤트홀 (지도)서울시 강남구 역삼로 180 (역삼동, 790-6)(역삼역 2번 출구에서 약 700m. 지하 1층)주차는 지원되지 않습니다. 대중교통 이용 부탁드립니다.　등록 방법　참가 신청 설문지 작성 후, 아래 계좌에 참가비를 입금해주세요.참가비 : 20,000원 (입금 선착순 50명)간단한 다과가 제공됩니다.계좌 : 카카오뱅크 3333-06-5259540 / 예금주 : 조혜현등록 확인설문 작성 내용 및 입금 기록을 확인하여 매주 금요일에 참가 확정 안내 메일을 보내드립니다.설문지에 기록한 이름과 예금주가 다를 경우 hhjo@okky.kr 로 따로 알려주세요.등록 취소 신청 시점에 따른 환불 안내 (OKKY 세미나 공통)세미나 3일 전 : 등록 결제 금액의 100% 환불세미나 2일 전 : 세미나 등록 결제 금액의 50% 환불세미나 1일 전 - 세미나 당일 : 환불 불가문의 : hhjo@okky.kr참가 신청
",2019-05-24 15:56:45,"
#583610
 IT 행사
OKKY OKKY세미나 이승민 뱅크샐러드 스타트업 개발자커리어
"
OKKY,"
                            
                            OKKY 정기모임/스터디 게시판 - 유료 과외 및 수익성 프로젝트 모집 글 금지 안내
                        ","
OKKY 회원 여러분, 안녕하세요.OKKY 운영진입니다.정기모임/스터디 게시판에 올라오는 유료 과외 모집글에 대한 피드백이 지속적으로 접수되고 있습니다.정기모임/스터디 게시판은 OKKY에서 직접, 혹은 회원분들이 자발적으로 개최하시는 정기모임과 비수익성 스터디모임을 위해 만들어진 공간입니다.많은 회원분들께서 이를 잘 인지하여 사용하고 계시나, 간혹 유료 과외를 모집하거나 수익성 프로젝트에 참여할 사람을 구하는 ‘구인 활동’을 하는 분들이 계십니다.이와 같이 게시판 취지에 맞지 않는 게시글은, 이 공지사항이 게시된 이후 경고 없이 ‘학원/홍보’ 게시판으로 이동됩니다.또한 이후에도 계속적으로 ‘정기모임/스터디’에 유료 과외 모집글을 올리실 경우, 계정 제재가 이루어질 수 있음을 알려드립니다.관련 문의는 info@okky.kr 로 보내주세요.감사합니다.개발자를 행복하게 해주는 커뮤니티OKKY 운영진 드림
",2018-12-21 17:56:30,"
#534396
 공지사항
OKKY 게시판 스터디
"
OKKY,"
                            
                            OKKY 정기모임/스터디 불법 게시물 공지사항
                        ","
OKKY 회원 여러분, 안녕하세요.OKKY 운영진입니다.최근 정기모임/스터디 게시판에서, 유료 온라인 강의를 타인과 나누어 결제하기 위해 홍보하는 게시물이 발견·신고 되었습니다.이러한 행위는 각 유료 강의를 제공하는 서비스 주체의 이용약관을 위반하는 불법적·비도덕적 행위입니다.이 공지사항이 게시된 이후 유사한 종류의 게시물이 올라올 경우 해당 게시물은 경고 없이 삭제됩니다.또한 해당 게시물을 등록한 회원에게는 1회 경고 메일 발송 후, 동류의 게시물을 재차 등록 시 계정 삭제 조치를 취할 것을 알려드립니다.기존 불법 게시물들에 ‘반대’, 비판 댓글, 신고 등으로 의견을 표해주신 회원분들께 감사드리며,앞으로도 관련 신고는 info@okky.kr 로 부탁드립니다.감사합니다.개발자를 행복하게 해주는 커뮤니티OKKY 운영진 드림
",2018-11-27 11:12:35,"
#525814
 공지사항
OKKY 정기모임/스터디 불법게시물
"
당산핵주먹,"
                            
                            Spring 입문 같이하실분 구합니다. (마감)
                        ","
요일 : 월요일, 수요일시간 : 오후 8시 ~ 오후 10시장소 : 선릉역 주변 카페비용 : 본인 음료 1잔인원 : 현재 저포함 1명이고 3명까지 모집 예정진행 :- (8시 ~ 8시 10분) 금일 공부할 Spring 간단 리뷰- (8시 15분 ~ 9시 45분) 각자 Spring 공부(노트북, 책 등등)- (9시 50분 ~ 10시) 금일 공부한 Spring 간단 리뷰기타 : 같이 공부하면 좋을 것 같아서 가벼운 마음으로 모집을 하는 것이니 부담가지실 필요 없습니다. 딱딱한 분위기 말고 부드럽게 수다떨면서 진행하려고 합니다. 저는 20대 후반이며 1년차 신입 개발자 입니다. 참고부탁드립니다!!카톡 : jm111ah
",2019-05-27 13:44:02,"
#584257
 정기모임/스터디
"
Naming,"
                            
                            [강남/사당] C 프로그래밍 & 자료구조
                        ","
스터디 방식: '열혈 C프로그래밍' / '열혈 자료구조' - 윤성우 지음                        - 한주 예습한 내용을 기반으로 각자 맡은 부분을 1명씩 발표모집 인원    : 3~4명모임 장소    : 서울 (강남역 or 사당역 인근 스터디룸 예정)모임 시간    : 주 1~2회 2~3 시간 (주말 선호, 스터디원 간 협의)비용            : 화이트보드 있는 스터디룸 대여 비용 1/N모집 대상    : 비전공자, 전공자 모두 무관하며 기초적인 부분을 함께 배우고자 하시는 분. 관심 있으신 분은 https://open.kakao.com/o/sN7H6wqb 로 연락주시면 감사합니다.
",2019-05-26 12:52:59,"
#583998
 정기모임/스터디
"
Jangwon,"
                            
                            [홍대/신촌] 작곡,미디 취미로 함께 배워보실분?!
                        ","
[홍대/신촌] 작곡,미디 취미로 함께 배워보실분?!# 소개안녕하세요. 백석예술대학교 실용음악과 싱어송라이터전공 졸업한 단하입니다.제가 지방에서 많은 레슨과 학원을 다녀봤는데 작곡 레슨임에도 불구하고 1년 가까이 곡 하나 쓰지않는 곳을 경험하고 실제로 곡을 쓸 때 쓰면서 배우게 되는 것들이 더 중요하다는 걸 깨닫고 레슨을 할 때는 곡을 쓰는 것을 위주로 레슨을 하고있습니다.저는 가르친다는 개념보다는 제가 아는 지식을 최대한 공유하는 음악 파트너로써의 레슨을 하고싶습니다.저와 같이 음악하는 동료들과도 다같이 어울리며 서로 음악을 도와줄 수 있는 음악적인 파트너가 되었으면 좋겠습니다.# 진행방향- 피아노와 미디,화성학 병행해서 수업 진행- 미디 시퀀서: Logic Pro x- 1달에 1곡 작업물 완성하는 게 목표- 녹음물 파일로 제공- 개인의 성향에 따라 커리큘럼은 바뀔 수 있습니다.- 레슨 시간은 60분-90분 입니다.# 커리큘럼1주차-음계,다이아토닉코드 이해2주차-다이아토닉코드를 이용한 화성진행3주차-멜로디 작곡,가사 쓰는 법4주차-간단한 편곡 방법,녹음 5주차-세컨더리도미넌트,투파이브원 대한 이해6주차-논다이아토닉코드를 이용한 화성진행..화성학과 피아노 작곡,미디를 병행하면서 월별로 배운 화성학을 토대로 최대 한달을 잡고 곡을 쓰는 게 목표입니다. 녹음물은 레슨생에게 파일로 드려 사운드클라우드나 뮤지션리그등에 올릴 수 있게 해드릴 예정입니다.https://open.kakao.com/o/sqX2tfpb오픈채팅으로 연락주시면 됩니다!
",2019-05-26 09:57:00,"
#583976
 정기모임/스터디
"
창업이조아요4425,"
                            
                            대전에서 함께 창업하실 개발자분 혹시 계실까요?
                        ","
카이스트 졸업생입니다.카이스트, 충남대 창업프로그램으로 시작하여현재 6명이서 함께 플랫폼 창업을 하고 있고 요즘에는 성과도 나오고 있는데아무래도 사업이 커지다보니 개발자분들이 필요하네요...<개발자> 
클라이언트 및 서버 개발자 동료를 구하는데요..

[공통] 
- 웹 프로그래밍 좋아하는 사람 
- 자신이 마음만 먹으면 못할게 없다고 생각하는 사람 
- 웹 프로그래밍 관련해서 프로젝트를 진행해 본 사람 

1.클라이언트
- 하는일 
재미있는 클라이언트 구현 (vue.js + jquery) 
- 더 좋아요 
vue.js 를 써봤거나 뭔지 아는 사람 
2.서버
- 하는일 
백 앤드 개발 (API 개발) 
- 더 좋아요 
java를 잘 하는 사람 : spring을 사용합니다. 
mysql 를 써봤거나 뭔지 아는 사람 (다른 DB도 환영합니다.)3,웹디자이너혹시 관심있으신 분들 있으려나요?편하게 연락주시면 정말 감사하겠습니다...소개해주셔도 너무 감사할 것 같아요 ...편하게 커피한잔하면서 이야기 나누고 싶습니다.카톡아디 kkkkkk5
",2019-05-26 01:20:37,"
#583963
 정기모임/스터디
"
leafy,"
                            
                            [성신여대역 / 토요일] 함께 토이프로젝트 진행하실 프론트엔드 주니어 개발자 모집합니다.
                        ","
안녕하세요. 현재 스터디를 운영하고 있는 주니어 개발자입니다.저희 스터디는 이번에 처음 모이게 되었고 현재까지 2번의 모임을 가졌습니다.스터디는 관심 주제를 정하고, 특정 기간의 세션을 정하여 그 기간동안 스터디를 하는 방식으로 진행합니다.한 세션이 끝나면 간단하게 뒷풀이 회식을 하고 해당 스터디는 종료가 됩니다. 그리고 스터디에 남아서 계속 스터디를 진행하고 싶으신 분들은 다음 주제를 선정하고, 나가실 분들은 자유롭게 나가시면 됩니다.이번 세션은 다같이 토이 프로젝트를 진행하기로 하였습니다.현재 구성원 : 총 4명추가 모집할 인원 : 2 명 (프론트 엔드에 관심있으신 분)장소 : 성신여대역 인근 스터디 카페시간 : 매주 토요일 오후 1시 ~ 오후 4시 (3시간)비용 : 현재는 모일 때마다 1 / N 로 모아서 비용을 부담하고 있습니다. 하지만 자발적 참여를 위해 비용을 일괄로 모아서 운영할 예정입니다. 비용 관련해서는 제가 철저하게 장부를 작성해서 얼마가 들어왔고 어디에 얼마가 쓰였는지 투명하게 공개합니다.  남은 돈은 세션이 종료되고 진행하는 회식에 보태쓰려고 합니다.회식은 술자리보다는 간단하게 1시간 내외로 끝내도록 하려고 합니다. (참여는 자유입니다.)모집 대상 : Vue.js에 관심 있으신 프론트 엔드 주니어 개발자, 취준생저희 이번 토이 프로젝트는 기획부터 시작해서 배포까지 해보는 것을 목표로 하고 있습니다.참여 문의는 icarus8050@naver.com 으로 부탁드립니다.참여 신청 시, 개발 경험과 할 줄 아는 스킬에 대해서 공유해주시면 감사드리겠습니다. :)저희 스터디 그룹에 대해서는 아래 링크를 참고해주세요!https://github.com/wearerespectfuldeveloper아직까지는 2주차 밖에 진행되지 않은 상태라 많은 내용을 담고 있지는 않지만 포트 폴리오로도 사용할 수 있도록 모임을 지속하면서 퀄리티를 높여나갈 계획입니다. :)
",2019-05-25 14:59:51,"
#583853
 정기모임/스터디
토이프로젝트 SpringBoot Vue 주니어개발자
"
고민고민고,"
                            
                            안산 자료구조랑 알고리즘 스터디 관심있는 분 계신가요??
                        ","
자료구조의 정렬이나 arrayList와 LinkedList의 차이, Hash등등을 공부하고 프로그래머스나 백준에서 문제풀이를 하는 스터디 입니다.매주 공부해온 내용을 개인 블로그등에 정리하여 발표하는 방식의 스터디를 생각하고 있습니다.(포트폴리오)시간은 평일, 주말 저녁 중에 팀원들간에 의견을 조율하여 정하도록 하겠습니다.장소는 상록수역 카페나 중앙역 스터디 카페로 생각하고 있습니다.자격요건은 자바나 코틀린 혹은 자바스크립트 중 하나 이상 사용하실줄 아시는 분이면 좋을 것 같습니다.관심 있으신분은 lascea@daum.net 로 간단한 자기소개 부탁드립니다.
",2019-05-24 19:22:15,"
#583727
 정기모임/스터디
"
모두의댄스,"
                            
                            [모두의댄스] 대학생 직장인 몸치탈출 스트릿댄스 방송댄스 춤 배우기 동호회(항시모집!)
                        ","
Since 2016. 11 ~저희는 2년 이상 진행 중이며, 만족도가 엄청 높은! 검증된 소모임입니다. 서울 지역 / 사당역 / 이수역 / 강남 / 홍대입구역 / 합정역춤을 춰본 적 없는, 하지만 배우고 싶은 몸치, 초보를 위한 친목 동아리입니다!춤 댄스학원보다 훨씬 저렴한 가격으로 프로댄서에게 레슨받고 인맥도 쌓아요 :)동아리원 모임 참여 후기 및 영상 보러가기!> https://www.facebook.com/modoodance대학생 직장인 몸치탈출 스트릿댄스 동호회 모두의댄스 입니다 ^^함께 전문 댄서에게 춤도 배우고 친목도 다져요!어차피 쌓을 인맥이라면, 활동적이고 멋진 춤이 어떨까요?처음 춤을 시작하시는 분들과 자칭 몸치인 분들을 위한 친목 동호회입니다!!춤 댄스 방송댄스 가요댄스 힙합댄스 스트릿댄스-<현재 모집 중인 모임>-- 홍대입구역 모임 --1. 일요일 낮 홍대 힙합댄스(5/26~)https://cafe.naver.com/modoodance/6282. 토요일 낮 홍대 방송댄스(6/22~)[방탄소년단(BTS) - ""피 땀 눈물""]공지예정-- 사당역 모임 --1. 금요일 저녁 방송댄스(5/24~)[방탄소년단(BTS) - ""작은 것들을 위한 시""]https://cafe.naver.com/modoodance/6272. 일요일 낮 여자 가요댄스(6/2~)[트와이스(TWICE) - ""FANCY(팬시)""]https://cafe.naver.com/modoodance/6363. 월요일 저녁 여자 가요댄스(6/3~)[트와이스(TWICE) - ""FANCY(팬시)""]https://cafe.naver.com/modoodance/6374. 목요일 저녁 여자 가요댄스(6/6~)[트와이스(TWICE) - ""FANCY(팬시)""]https://cafe.naver.com/modoodance/6385. 화요일 저녁 방송댄스(6/11~)[방탄소년단(BTS) - ""피 땀 눈물""]https://cafe.naver.com/modoodance/6396. 일요일 낮 힙합 코레오댄스(6/16~)https://cafe.naver.com/modoodance/6437. 수요일 저녁 여자 가요댄스(7/3~)[""노래 미정""]추후 공지 예정모든 수업은 4주 단위로 진행됩니다!모든 기수는 끝난 후 바로 다음 기수 시작합니다.모임영상 보러가기>문의사항은카톡ID : modoodance 친추하시고 갠톡주세요!카톡친추 바로가기 링크 : http://qr.kakao.com/talk/Wiyw3mfGcIaeDH.DwfHRqPL8NDQ-
",2019-05-24 17:57:05,"
#583693
 정기모임/스터디
"
수박찐맛,"
                            
                            [온라인] 웹프로젝트 진행하실분 모집합니다.
                        ","
개인 역량 강화와 포트폴리오용 프로젝트입니다. 구글 행아웃 비슷한 기능을 구현하려고 합니다.기획자나 디자이너 분들도 환영입니다. 관심있으신 분은 dimsss0607@gmail.com으로 부탁드립니다.
",2019-05-24 17:29:28,"
#583677
 정기모임/스터디
웹 프로젝트 온라인
"
prjmkrs,"
                            
                            프로젝트 진행하실(기획/개발/디자이너) 학생분들 모집해봅니다.
                        ","
안녕하세요. 현 IT 대기업 재직 중인 기획자, 개발자, 디자이너, HR 담당자가 모여서 IT 쪽 취업을 위해 프로젝트를 준비하시는 학생분들에게 도움을 드리고자 합니다.총 3-5명 정도를 꾸려 프로젝트를 진행하게 될 건데요. 진행하실 때 저희가 멘토링 해드린다고 생각하시면 편할 것 같습니다. 간단한 소개와 포트폴리오를 메일로 주시면 검토 후에 답장 드리겠습니다. 구성은 기획 1, 개발 2~3, 디자인 1 정도로 생각하고 있고, 첫 프로젝트 멘토링 기간은 2달가량입니다.일단 이번 주말 (5/26 23:59)까지 지원자를 받겠습니다.project.makers.team@gmail.com많은 참여 바랍니다 ^^ 감사합니다.
",2019-05-24 17:01:03,"
#583663
 정기모임/스터디
"
졸림,"
                            
                            [강남/건대] 자바 기반 디자인패턴 스터디
                        ","
1. 스터디명   : [강남/건대] 자바 기반 디자인패턴 스터디2. 스터디 시간   : 매주 목요일 19:30~21:303. 스터디 예상인원   : 6명4. 참여자격   : 취업준비생, 대학생5. 스터디 장소   : 카페 & 스터디룸 (스터디룸 예약시 비용 1/N)6. 내용      :   1) 월 4회 오프라인 모임(2회 연속 불참, 사전 연락없이 불참 시 스터디 제외)   2) 매주 한 가지 주제로 스터디 진행 ( 월 3개의 주제 )   3) 스터디 관련 자료 준비 및 샘플 코드 작성 (2회 연속 준비 못할 시 스터디 제외)   4) 월 1회 약 20여 개의 패턴 중 다음 달 스터디 주제 선정 및 회식 (회식은 필참x, 한시간 이내로 간단하게)   5) 초보자 참여가능 ( 기초적인 자바 문법은 알고 계셔야 합니다. )7. 마감기한   : 19.05.26 까지 (신청자에 따라 조기마감)8. 문의사항   : 오픈카톡 [https://open.kakao.com/o/glvTiWnb]
",2019-05-24 15:19:09,"
#583579
 정기모임/스터디
"
스티브리자바,"
                            
                            ◆ (재능기부) 자바 프론트엔드 개발 실전 스터디 모임 평일반 (6월17일부터) ◆
                        ","
@ 모임소개 프론트엔드 개발을 시작하는 분들에게 핵심이론 및 기초이론을 실전 코딩을 기반으로강의를 진행합니다.  안녕하세요.
스티브리 자바입니다. 대기업 IT 공채 출신으로
10년차 개발자로 활동하고 있습니다.현재 190명 이상이
참여하는 교육카페를 운영 중이며, 자바웹을 통해 개발자가 되고 싶은분들을
위해 스터디 모임 및 강좌 그리고 진로상담으로 도움을 드리고 있습니다.  백엔드 개발자라도 회사에서는 올라운드 플레이어를 원하기 때문에 프론트엔드를 모르고서는일을 하기 힘들죠. 관련하여 백엔드개발자 입장에서 프론트엔드 개발도 할 수 있도록 도움을드리겠습니다. 해당 스터디는 영리목적이 아닌 순수한 재능기부형태로 진행되며, 소정의 공간임대료와 운영비로만 등록비를 사용합니다. 많은 관심 부탁드립니다. 감사합니다. @ 사용 언어 및 기술

언어

jsp,
  javascript, jquery, css, jstl 

기술

flex,
  ajax, json

 @ 모임장소 및 기간6월17일 ~ 7월1일 매주 월요일 저녁8시~10시2호선 봉천역 5분거리 @ 비용1회당 7500원 @등록방법아래게시글 참조
https://cafe.naver.com/steveleejava/184
",2019-05-24 15:02:27,"
#583572
 정기모임/스터디
"
장플,"
                            
                            앱개발 사업화 스터디
                        ","
안드로이드, 아이폰, 하이브리드 등 앱개발 기술 스터디이자 앱 사업화 모임 입니다.앱개발을 어느정도 할 수 있는분만 참여하실 수 있습니다.기술 스터디 이자 스터디를 통해 앱을 만들어서 사업화까지 추진하는 모임이기 때문입니다.단, 앱은 각자 만듭니다. 만약 팀내에 같이 만들고 싶은 앱이 있다면 소규모 팀단위로 만드셔도 됩니다.현재 인원은 저 말고, 한 분 더 계시고, 아이폰스위프트 스터디하다가  앱개발 사업화 스터디로 확장하자 하여 본 모임을 추진하게 되었습니다.출시할 수 있을 정도의 완성된 앱을 만들어보면서 기술공유 및 사업화 토론을 하는 모임입니다.저희 둘은 안드로이드 앱개발쪽은 어려움없이 가능하고 아이폰앱개발을 할 예정이지만, 안드로이드나 하이브리드로 앱만드실 분도 참여하실 수 있습니다.모임시간 / 장소)매주 일요일 10-13시 상왕십리역 제 사무실공간.참가비 없습니다.참여대상)앱개발 기술력을 어느정도 갖고 있고 완성된 앱을 만들어서 수익창출을 하고 싶은 분.안드로이드는 잘 하지만 아이폰앱개발을 공부하고 싶은 분아이폰 앱 개발은 잘하지만 안드로이드 앱개발을 공부하고 싶 은 분.이도저도 잘 모르는 초보자분은 참여하실 수 없습니다.준비물)개인노트북 + JDK, 안드로이드 스튜디오 설치 or맥북  + xcode 참여신청)azanghs@naver.com 메일주실때이름,나이,사는곳,경력,연락처. 모임에 바라는점을 적어서 보내주세요.이번주 일요일부터 바로 시작합니다.
",2019-05-24 11:23:40,"
#583465
 정기모임/스터디
"
김형달,"
                            
                            [서울]영어회화 모임에 관심 있으신분
                        ","
안녕하세요.저는 최근에 회사를 설립하고 열심히 영어회화앱을  만들고 있습니다..개발중인 앱에 회화문장을 만들어 넣고 있고, 원어민들을 고용하여 지인들하고 전화영어를 테스트하고 있습니다.현재는 여행회화만 연습하고 있지만, 제 목표중하나가 개발자용 영어 교재를 만들어서 개발자용 영어를 가르치는 겁니다.나중에 해외취업시 개발실력은 되는데 영어때문에 취업이 안되는일이 없도록 하는게 목표입니다.^^현재는 회사세팅중이고 개발자용영어 교재도 없지만 여행회화교재가 끝나는데로 만들 예정입니다.전화영어 수업시간에만 영어를 쓰고 끝나는게 아니라, 오프라인 언어교환 모임도 만들려고 하고 있는데, 오프라인 언어교환 모임에 관심 있으신지 알아볼려고 글 올려봅니다.요일 : 1주일 1~2번(요일 및 횟수 미정)시작일 : 6월 중순시간 : 평일 저녁 6~9시지역 : 서울 (홍대, 종로, 강남, 건대 중 1 군데중 카페 선정 예정, 참석가능하신분들의 의사를 물어서 정할 예정임)참가비 : 카페에서 자기 음료수 1잔 이상 주문참가자격 : 개발자중 영어초급분들                한국 또는 한국에 관심 있는 영어 가능한 외국인진행내용 : 외국인과 한국인 비율이 1:2를 안넘도록 조절 예정                전반에는 기초 회화연습 예정 (영어 연습, 한국어 연습)                후반에는 프리토킹, 중간중간에 자리 재배정예정.                초보자분들을 위한 언어교환 모임으로 초보자들 분들이 오셔서 멍하니 있다가 가지 않게 하는게 제일 큰 목표임.               회화연습시 회화 교재에 없는 질문/대답등은 최소화 하고, 교재의 내용을 정확한 발음으로 막히지 않고 말하기               외국인이 한국어 교재의 내용을 읽을때 어색한 발음등을 교정해주기               프리토킹시간에는 한국인하고는 꼭 영어를 안해도 됨(스트레스 받음, 외국어 연습은 외국인과만^^)모집인원 : 2~3명(처음에는 작게 시작할려고 합니다. 외국인도 2~3명 모집할려고 합니다.)모임 시작시 꼭 참석여부를 미리 알려주실분만 연락 부탁드립니다. 
관심있으신분은 이름, 카톡아이디, 영어실력(상중하), 개발경력(개발언어포함), 원하는 요일, 원하는 지역을 간단히 메일이나 댓글로 부탁드립니다. 감사합니다.김형달 dalnimbest@gmail.com
",2019-05-24 10:15:09,"
#583409
 정기모임/스터디
"
핀테크지원,"
                            
                            [한국핀테크지원센터] 스타트업 재직자분들 주목! 자기계발의 기회! 2019 핀테크 리더스아카데미 모집
                        ","
▷ 주최사 / 활동명  (한국핀테크지원센터) 2019 핀테크 리더스 아카데미▷교육내용  한국핀테크지원센터는 미래 유니콘 기업으로 성장할 기업 리더들의 핀테크 비즈니스 역량을 강화하기 위한  2019 핀테크 리더스 아카데미를 실시합니다. ▷ 모집 기간  1차 금융산업 동향 ~6/9까지  2차 금융업의 이해 ~6/18까지  3차 디지털 금융 혁신 ~7/11까지  4차 금융규제와 제도 ~7/28까지  5차 핀테크 서비스 구현과 정보보호 1 ~8/18까지  6차 핀테크 서비스 구현과 정보보호 2 ~9/26까지  7차 디지털 마케팅 실무 ~10/17까지  8차 UX/UI ~11/3까지  9차 핀테크 비즈니스 혁신 ~ 11/12까지▷ 모집 인원주제별 30명(선착순)▷ 모집 대상(+졸업생 가능여부)핀테크 분야에 관심이 있는 자 또는 핀테크 기업 종사자▷ 참가 비용 유/무무(한국핀테크지원센터에서 470만원 상담의 교육비 전액 지원)▷ 우대 사항핀테크 분야에 관심이 있는 분▷ 교육 지역영우글로벌러닝센터(7호선 학동역 6번출구)▷ 활동 혜택교재, 석식 제공470만원 상당의 교육비 지원▷ 지원하는 방법URL 지원 : http://www.fintechcenter.or.kr/kor/info/notice_detail.php?idx=5816 
",2019-05-24 09:14:09,"
#583366
 정기모임/스터디
한국핀테크지원센터 스타트업재직 스타트업 개발자 개발 스타트업교육 핀테크 핀테크교육 비즈니스교육 실무교육
"
bluepope,"
                            
                            [온라인] asp.net core mvc (C#) 개인 포트폴리오용 프로젝트 해보실분 계실까요?
                        ","
닷넷 코어 쪽은 국내에서 하는 사람이 별로 없는 걸로 보여 있으실까 모르겠는데;저는 asp.net mvc 개발자구요. 총 경력은 12년 좀 안되는데,다 독학에 솔로 개발이다보니 책에서 기본만 보고 편한대로 개조해서 쓰고 그래서이게 제대로 하는건지, 협업이 가능한지 모르겠어서이런 프로젝트를 진행해보려고 합니다.목표는 asp.net core mvc 로 기능 구현 우선의 웹을 만드는 거구요.화면구성은 jquery, bootstrap4 기반으로 하려고 하고, 특별히 좋은게 없다면 기존에 만들어놨는 껍데기를 쓰려고 합니다.전반적인 구성은 오픈소스 기준으로 하려고 하구요.1. asp.net core mvc (netcore 2.2 기준)2. mariadb3. jquery, bootstrap4 ui4. linux 기반이므로 kestrel 서비스5. github을 통한 소스 공유기능쪽은 대충 생각나는게1. 로그인 로그아웃  - 쿠키기반 밖에 안해봤는데 identity 나 redis를 이용한 관리도 해보고 싶긴 합니다  - oauth2를 이용한 sns 로그인 2. 개별 접근권한 관리3. ajax json 을 통한 통신, 파일 업로드, 다운로드 구현4. signalR  - 채팅 구현  - 접속자 관리 및 메세지 푸시5. async await 를 사용한 비동기 처리 및 비동기 메소드 개발6. telegramBot을 통한 알림메세지 발송7. reCAPTCHA 인증부가적으로 가능하다면 Winform 개발로 Client 만들어서 인증관리 및 api이용해보는 것도 해보려고 합니다.대충 생각나는건 이정도인데, 아이디어가 있으시다면 같이 협업해서 만들어나갔으면 하구요.사실 위에 있는 것 중에 조금씩 해본 것도 있어서 제가 도움을 드릴 부분도 있을 것 같네요.관심있으시거나 도움을 주실분이 계시다면디스코드: https://discord.gg/vTcKZST 으로 연락 부탁드리겠습니다.
",2019-05-23 22:51:26,"
#583321
 정기모임/스터디
"
kgitbank12,"
                            
                            일본IT취업
                        ","
 일본IT취업 : http://www.itkg.co.kr   일본IT취업 : http://www.itkg.co.kr    
",2019-05-23 16:28:50,"
#583140
 정기모임/스터디
"
으잉웅,"
                            
                            [이대역, 영어스피킹] 평일 오전 10시 (3시간) 초중급 수준의 영어 회화 스터디 멤버 모집합니다!
                        ","
영어 공부에는 Input(읽기, 듣기)과 Output(말하기, 쓰기)과 어느 정도 균형이 있어야 하는데한국에서는 영어 말할 기회가 정말 적습니다.다양한 영어 회화 표현도 알고 있어야 하지만 조리있게 말하는 연습을충분히 해보아야 자신감을 갖고 침착하게 소통을 할 수 있는 것 같습니다.아무리 좋은 동영상 강의를 많이 들어도 일정량 (임계량) 이상 말을 해보지 않으면자신감이 생길리가 없겠지요.영어카페 내 장소비만 내고 하루 3시간~6시간씩 영어 토론 모임에 참가하여영어로 마음껏 말해보실 수 있습니다.  이대역 2번 출구 앞에 있는 15년된 영어카페 내에서는해외에서 평균 8년 정도 살다온 운영진들이 구심점이 되어평일에는 오전 10시, 오후 1시, 저녁 7시대,주말에는 토 오전 10시, 오후 1시, 토 오후 4시대에 레벨별로 3시간씩 영어 토론 모임들이진행되고 있습니다.특히 유학, 교환 학생, 취업 등을 앞두고 집중적으로 말하는 연습이 필요하시거나영어로 의사 소통을 해야 하는 절실한 분들에게적극 추천해드립니다.  쉬운 토픽으로 연습하실 수 있는 초중급 그룹뿐 아니라영자지 칼럼 기사로 내용있는 토론을 하는 중상급 그룹들도 많습니다.이번에 충원중인 평일 오전 10시 초중급 그룹은 아래와 같은 방식으로 진행됩니다.1) 10:10~11:30 : 토픽 북에서 2개의 쉬운 토픽을 정해 자율 리더를 정해 토픽 질문에 대해 조리있게 말하기 연습을 하는 시간. 2) 11:40~13:00 : 토픽북에서 1개의 쉬운 토픽을 정해 해외에서 평균 8년 정도 살다온 Assistant가 사회를 보면서 토픽 디스커션을                    진행합니다. (발언 기회 배분 및 피드백을 해주는 역할)영어 말하기 연습이 긴급히 필요하신 분은 모임 운영자 Young에게 카톡이나 메일보내보세요~(카톡 아이디 thehonest , 메일 yhhah@hanmail.net )* 외시 (외교원) 준비하시는 분들에게 잘 알려진 곳입니다.  (2013 외시 수석합격자 수기 참조 -아래 후기들에 조금씩 언급되어있네요)   2017년 8월에는 외시 2차 합격자의 40%가 최종 면접 준비를 하셨고,    2018년 8월에는 외시 2차 합격자의 52%가 여기서 진행된 스터디 모임에    참가하기도 하였습니다.   - 2018년 외교원 최연소 합격자 수기     http://cafe.daum.net/thehonest/YT9/112  - 2017년 외교원 합격자 수기     http://cafe.daum.net/thehonest/YT9/111  - 2014년 외교원 합격자 수기    http://cafe.daum.net/thehonest/YT9/108   - 2013년 외시 수석 합격자 수기     http://cafe.daum.net/thehonest/YT9/109   - 일반 회원님의 참가 후기 (이곳의 장점) http://cafe.daum.net/thehonest/YT9/110 * 유튜브 소개 영상https://youtu.be/bsGW5o4KzkI  * * 운영진(토론 리더)의 영어 토론  음성 후기1) https://www.youtube.com/watch?v=kO3NYkXSg3g2) http://cafe.daum.net/thehonest/fpx/2538
",2019-05-23 14:54:52,"
#583062
 정기모임/스터디
#영어스피킹 #토스 #오픽 #영어스터디 #토플스피킹 #이대역 #영어회화
"
비트교육센터,"
                            
                            [비트교육센터/무료교육] 머신러닝을 활용한 자율주행 머신 개발자 양성과정 교육생 모집!
                        ","
ღ 과정명 : 머신러닝을 활용한 자율주행 머신 개발자 양성과정ღ 교육일시 : 2019.06.24 ~ 2019.12.20., 월~금(09:00~18:00)ღ 교육비 : 전액무료ღ 교육대상 : 청년구직자 및 대학 졸업예정자ღ 관련링크 : 바로가기
",2019-05-23 11:48:20,"
#582968
 정기모임/스터디
무료교육 머신러닝 자율주행 국비지원 c언어 임베디드
"
rooney11,"
                            
                            IT회사 이직이나 취업 준비하시는 분들 취업 관련 얘기나누실분 들어오세요!
                        ","
지원 회사들의 면접정보나 취업을 준비하시면서 서로 피드백 주고 받으면 좋을것 같습니다.https://open.kakao.com/o/gSA0J7pb취업스터디 생각이 있으신 분은 여기로 연락주세요!장소는 강남역 예정입니다!https://open.kakao.com/o/sFSsmbqb
",2019-05-22 19:48:17,"
#582727
 정기모임/스터디
"
JayKeem,"
                            
                            [홍대/수요일7시] Vue.js 입문 스터디 인원 1-2명 추가 모집합니다.
                        ","
시작한지 3주된 스터디입니다.Vue.js 처음하시는 분들도 같이 열심히 했으면 좋겠습니다.현재 3명으로 진행중인데 1-2명 충원합니다.요일 및 시간 : 수요일 7시장소 : 홍대 슈퍼스타트스터디 통해서 실력향상뿐만 아니라 좋은분들 많이 알아가고 싶습니다!kjoon9236@gmail.com 으로 연락주세요
",2019-05-22 15:51:04,"
#582561
 정기모임/스터디
Vue.js frontend 스터디
"
Karen,"
                            
                            [OKKY세미나] MS Imagine Cup 국가대표의 스타트업 도전기 - 창업 실패부터 현재 커리어를 만들기까지
                        ","
OKKY 회원 여러분 안녕하세요!6월 OKKY 세미나에 모실 발표자님은, 이미 아는 분들은 알고 계실‘늦깎이 개발자 실전 프로젝트로 성장하다 (링크)’‘5년차 안드로이드 개발자의 첫 이직 이야기 (링크)’ 의 주인공 이승민님입니다~ :)기계공학에서 컴공으로 전과3개월 간 숙식하며 준비한 Microsoft Imagine Cup에 한국 대표로 진출창업 실패 후 또다시 스타트업에 도전하여 EXIT리멤버(드라마앤컴퍼니)를 거쳐 뱅크샐러드(레이니스트)에 이르기까지“도전”이라는 단어가 정말 잘 어울리는 분이 아닐 수 없는데요~이번 OKKY 세미나에서는 창업 실패부터 현재 커리어를 만들기까지의 FULL STORY를 아낌없이 나누어주신다고 합니다!또한 발표 후에는 추가 패널 두 분 및 참석자분들과 함께 FREE TALKING을 통해 속시원한 질의응답 시간도 가질 예정이오니, 많은 참여 부탁드립니다~ :D참가 대상학생/취준생/신입/주니어 등 개발자 커리어에 관심 있으신 모든 개발자분들　발표자 및 프로그램 소개　이승민2011년부터 안드로이드 개발을 시작하여, 현재는 자산관리 서비스 ‘뱅크샐러드’의 6년차 안드로이드 개발자로 일하고 있습니다.개발 외에도 협업, 사업 등 가치를 만들어가는 일에 관심이 많습니다. 개발은 가치를 위한 수단 중 하나라고 생각합니다.개발만 잘하는 사람보다는 인생을 즐기고, 세상을 아는 사람이 되고 싶습니다. 그래서 사람 만나는 것을 좋아하며 여행, 페스티벌, 축구, 춤, 게임, 애니메이션 등 다양한 취미에 도전합니다.하고 있는 개발 관련 활동 : GDE Android Korea, Droid Nights Organizer 등 지식 공유 및 커뮤니티 활동을 활발히 하고 있습니다.1부 발표 <MS Imagine Cup 국가대표의 스타트업 도전기 - 창업 실패부터 현재 커리어를 만들기까지 (50’)>창업 실패에서 시작하여 현재 뱅크샐러드까지, 어떻게 성장하며 커리어를 만들었는지 소개합니다. 뱅크샐러드로 오면서 느끼고 배웠던 이직에 대한 생각도 나눕니다.2부 FREE TALKING (40')이승민 : 뱅크샐러드. 6년차 안드로이드 개발자노상범 : 개발자 커뮤니티 OKKY 대표 / 개발자 전문 서치펌 eBrain 대표이경일 : 네이버 메인플랫폼 개발랩, 카카오 커머스플랫폼을 거쳐 현재 네이버 비즈서비스 개발 담당　일시 및 장소　일시 : 2019년 6월 13일 (목) PM 8:00 - 9:40장소 : 마루180 - 지하1층 이벤트홀 (지도)서울시 강남구 역삼로 180 (역삼동, 790-6)(역삼역 2번 출구에서 약 700m. 지하 1층)주차는 지원되지 않습니다. 대중교통 이용 부탁드립니다.　등록 방법　참가 신청 설문지 작성 후, 아래 계좌에 참가비를 입금해주세요.참가비 : 20,000원 (입금 선착순 50명)간단한 다과가 제공됩니다.계좌 : 카카오뱅크 3333-06-5259540 / 예금주 : 조혜현등록 확인설문 작성 내용 및 입금 기록을 확인하여 매주 금요일에 참가 확정 안내 메일을 보내드립니다.설문지에 기록한 이름과 예금주가 다를 경우 hhjo@okky.kr 로 따로 알려주세요.등록 취소 신청 시점에 따른 환불 안내 (OKKY 세미나 공통)세미나 3일 전 : 등록 결제 금액의 100% 환불세미나 2일 전 : 세미나 등록 결제 금액의 50% 환불세미나 1일 전 - 세미나 당일 : 환불 불가문의 : hhjo@okky.kr참가 신청
",2019-05-24 15:56:45,"
#583610
 IT 행사
OKKY OKKY세미나 이승민 뱅크샐러드 스타트업 개발자커리어
"
OKKY,"
                            
                            OKKY 정기모임/스터디 게시판 - 유료 과외 및 수익성 프로젝트 모집 글 금지 안내
                        ","
OKKY 회원 여러분, 안녕하세요.OKKY 운영진입니다.정기모임/스터디 게시판에 올라오는 유료 과외 모집글에 대한 피드백이 지속적으로 접수되고 있습니다.정기모임/스터디 게시판은 OKKY에서 직접, 혹은 회원분들이 자발적으로 개최하시는 정기모임과 비수익성 스터디모임을 위해 만들어진 공간입니다.많은 회원분들께서 이를 잘 인지하여 사용하고 계시나, 간혹 유료 과외를 모집하거나 수익성 프로젝트에 참여할 사람을 구하는 ‘구인 활동’을 하는 분들이 계십니다.이와 같이 게시판 취지에 맞지 않는 게시글은, 이 공지사항이 게시된 이후 경고 없이 ‘학원/홍보’ 게시판으로 이동됩니다.또한 이후에도 계속적으로 ‘정기모임/스터디’에 유료 과외 모집글을 올리실 경우, 계정 제재가 이루어질 수 있음을 알려드립니다.관련 문의는 info@okky.kr 로 보내주세요.감사합니다.개발자를 행복하게 해주는 커뮤니티OKKY 운영진 드림
",2018-12-21 17:56:30,"
#534396
 공지사항
OKKY 게시판 스터디
"
OKKY,"
                            
                            OKKY 정기모임/스터디 불법 게시물 공지사항
                        ","
OKKY 회원 여러분, 안녕하세요.OKKY 운영진입니다.최근 정기모임/스터디 게시판에서, 유료 온라인 강의를 타인과 나누어 결제하기 위해 홍보하는 게시물이 발견·신고 되었습니다.이러한 행위는 각 유료 강의를 제공하는 서비스 주체의 이용약관을 위반하는 불법적·비도덕적 행위입니다.이 공지사항이 게시된 이후 유사한 종류의 게시물이 올라올 경우 해당 게시물은 경고 없이 삭제됩니다.또한 해당 게시물을 등록한 회원에게는 1회 경고 메일 발송 후, 동류의 게시물을 재차 등록 시 계정 삭제 조치를 취할 것을 알려드립니다.기존 불법 게시물들에 ‘반대’, 비판 댓글, 신고 등으로 의견을 표해주신 회원분들께 감사드리며,앞으로도 관련 신고는 info@okky.kr 로 부탁드립니다.감사합니다.개발자를 행복하게 해주는 커뮤니티OKKY 운영진 드림
",2018-11-27 11:12:35,"
#525814
 공지사항
OKKY 정기모임/스터디 불법게시물
"
장동원,"
                            
                            [인천/부천] 리액트 스터디 모임
                        ","
저 또한 현직은 2년차 .NET 개발자 이며 리액트는 처음 시작하는 초보 개발자 입니다.같이 초기 부터 새롭게 시작할 초보분들과 함께 스터디 하고 싶습니다 :)장소 : 부천IoT혁신센터시간 : 매주 토요일 13시 ~ 16시범위 : react + typescript + (redux OR mobx)같이 하고자 할 열정이 있으신분만 연락주시기 바랍니다.카카오톡 ID : Arta94 
",2019-05-22 10:34:51,"
#582388
 정기모임/스터디
"
봉쇄죠??,"
                            
                            IT 초년생들끼리 오픈채팅방에서 사는 얘기 공유하실 분 계신가요 !?
                        ","
https://open.kakao.com/o/gE2vU4pbIT 다른 초년생들은 어떻게 배우고 어떻게 생활하는지 알고 싶습니다 !
",2019-05-22 10:24:55,"
#582379
 정기모임/스터디
"
부산개발자,"
                            
                            [부산]머신러닝 Tensorflow이용한 CNN 무료 코드랩(무료)
                        ","
GDG 부산 6월 딥러닝관련 행사를 준비하고 있습니다.신청링크https://www.meetup.com/ko-KR/GDG-Busan/events/261536264/내용은 Tensorflow를 이용한 딥러닝(CNN) 구현 및 학습시키기 입니다.비용은 무료입니다.구현환경을 위해 구글의 colaboratory를 사용합니다. 라이브러리 및 패키지를 따로 설치하지 않아도 됩니다. 대신 개인 노트북은 들고오셔야합니다.[시간 및 장소]- 2019 / 06 / 01 토요일 오후 2시 ~ 오후 4시 30분- 부경대학교 웅비관(대연캠퍼스) 1321강의실(3층)[진행자]- 서영원(메인)- 김태현(보조)[신청방법]- 이 밋업 이벤트 페이지에 등록 부탁드립니다.[대상자]- 딥러닝이 처음이신분 대상- 코드랩을 통해서 좀 더 코드이해도를 높이고자 하시는 분- 딥러닝에 관심있으신 개발자[준비물]- 개인 노트북- 구글 계정텐서플로우로 구현하는 신경망- 신경망 기초이론- 텐서플로우를 이용한 신경망 학습시키기- 텐서플로우를 이용한 손글씨 구분하기- 신경망 학습을 위한 테크닉들텐서플로우로 구현하는 딥러닝- CNN(Convolutional Nerual Network) 기초이론- 텐서플로우를 이용한 CNN 학습시키기- 텐서플로우를 이용한 CIFAR-10 이미지 분류하기텐서플로우로 구현하는 CNN기반 신경망(Optional)- VGG- GoogLeNet
",2019-05-22 09:44:39,"
#582336
 정기모임/스터디
"
흰털,"
                            
                            (마감)숭실대역 일요일 알고리즘 스터디 모집합니다
                        ","
숭실대역 일요일 아침 9~12시 사이에 알고리즘 스터디 가능하신분 연락부탁드립니다 프로그래머스 사이트의 문제를 풀 계획입니다 brilliantjay@naver.com 로 메일 부탁드려요
",2019-05-21 19:48:52,"
#582208
 정기모임/스터디
"
springstudy,"
                            
                            4주동안 배우는 웹 개발 강의형 모집합니다. (1자리 남음)
                        ","
안녕하세요.전자정부프레임워크 셋팅부터 관리자단에서 등록한 메뉴와 배너가 홈페이지에 나타날 수 있도록 구현해보는 강의형 교육을 4주동안 진행하려고 합니다.​메뉴 관리와 배너 관리를 위한 관리자단을 직접 구현해보며, 전자정부프레임워크를 통한 스프링 설정과 javascript, jquery, db query 등을 배우고 싶으신 분들은 들어보시면 좋을 듯 합니다.​커리큘럼[1주차 ~ 4주차]- Servlet, JSP, JDBC 방식을 활영하여 웹 프로젝트 이해하기- 스프링 프레임워크 기반의 전자정부프레임워크 만들기- Egov Web Project 생성 및 구조 설명- 화면 레이아웃을 구성하는 Tiles 라이브러리 적용- 화면의 메뉴를 통한 html 구조 파악- jQuery를 이용하여 메뉴 추가하기◆ 타겟 지정하기, append, prepend 함수의 이해- MariaDB 연동 설정- 메뉴 테이블 생성 및 메뉴 데이터 설명- ajax을 활용하여 메뉴 조회 url(Controller @RequestMapping) 요청- Controller -> Service -> Mapper(Mybatis 연동)의 흐름으로 DB에서 메뉴 데이터 조회- Model addAttribute를 활용하여 메뉴 data 화면으로 보내기  ◆ MappingJackson을 활용하여 메뉴 data 응답 처리  ◆ EL, JSTL을 활용하여 메뉴 data 응답 처리- ajax를 활용하여 parameter 전달  ◆ @Requestparam, @Requestbody, @ModelAttribute 의 활용- VO(Value Object) 생성- Mybatis에서 VO와 Map, EgovMap 활용- Mybatis의 동적 SQL 처리- 관리자 템플릿이 적용된 프로젝트 import- 관리자 템플릿의 설명- 메뉴관리 화면에서 1차, 2차 메뉴 등록, 상세, 수정, 삭제 기능 처리- jQueryUI의 dialog로 레이어 팝업 띄우기(등록, 상세 화면)- jQuery serialize를 사용하여 ajax Form 데이터 전송- 배너관리 화면에서 Form submit을 사용하여 검색, 페이징 처리- 페이징 쿼리에 대한 이해- checkbox를 활용하여 체크된 데이터만 삭제 처리- 배너 등록 화면에서 파일 업로드 처리하기(MultipartRequest 처리)  ◆ 물리 파일 저장, BLOB 저장  ◆ 이미지 사이즈 체크- 사용자 홈페이지에 등록된 배너 노출 처리​카톡 오픈채팅방으로 (https://open.kakao.com/o/sBGADhcb    )문의 주시면 답변드리도록 하겠습니다.- 장소 : 가산디지털단지역(주말)- 시작날짜 : (4시간 30분 진행) 5월 25일(토), 오후 2시 30분 ~ 오후 7시- 비용 : 장소대여비, 커피나 과자 등의 간식비 포함하여 2주에 9만원입니다. (시간당 1만원으로 보시면 됩니다.) 4주 18만원 입금해주시면 됩니다.* 시간 관계상 1주 더 진행 되더라도 추가비용은 받지 않습니다.​- 준비사항 : 램 8GB 이상의 개인 노트북- 인원 : 4 ~ 8명내용[관리자][사용자]
",2019-05-21 12:15:44,"
#581895
 정기모임/스터디
"
느린신입,"
                            
                            java 에서 fcm 다중 전송을 구현하고있습니다.
                        ","
이전에 1명에게만 푸시 전송되있는 것을다중 전송으로 변경하고 있습니다.매개 변수를 'to' 에서'registration_ids' 으로 변경하고value 값도 jsonArray으로 배열에 넣고 실행을 하면...400 에러가 발생합니다.아래는 코드중 일부입니다                JsonParser parser = new JsonParser();
		
		JsonArray jsonArr = (JsonArray) parser.parse(vo.getResult()); 
		
		JsonArray tokenArr = new JsonArray();
		
		for(int i = 0; i < jsonArr.size(); i++) {
			JsonObject obj =  (JsonObject) jsonArr.get(i);
			String usrNm = obj.get(""usrNm"").getAsString();
			String usrHpToken = obj.get(""usrHpToken"").getAsString();
			tokenArr.add(usrHpToken);
		}
		
		
		// vo에 토큰이 있다면 해당 토큰에게만 푸시 전송
		String token = """";
		if(vo.getUsrHpToken() != null && !vo.getUsrHpToken().isEmpty()) {
			token = vo.getUsrHpToken();
		} else {
			token = ""all"";
		}
		
		JSONObject notiObj = new JSONObject();
		notiObj.put(""title"", vo.getNtcTit());
		notiObj.put(""body"", vo.getNtcCont());
		
		JSONObject dataObj = new JSONObject();
		dataObj.put(""type"", vo.getType());
		
		JSONObject pushObj = new JSONObject();
		pushObj.put(""notification"", notiObj);
		pushObj.put(""data"", dataObj);
//		pushObj.put(""to"", token);
		pushObj.put(""registration_ids"", tokenArr);
		
		//OutputStream os = conn.getOutputStream();
		OutputStreamWriter Output = new OutputStreamWriter(conn.getOutputStream(), ""UTF-8"");

		// 서버에서 날려서 한글 깨지는 사람은 아래처럼 UTF-8로 인코딩해서 날려주자
		Output.write(pushObj.toString());
		Output.flush();이렇게 registration_ids 으로 바꾸고 tokenArr 라는 변수에 토큰을 배열로 넣어 했습니다만..어떤 부분이 틀린건지 피드백좀 부탁드립니다..
",2019-05-20 18:55:52,"
#581650
 정기모임/스터디
"
YouKit,"
                            
                            [마감] 바닐라 자바스크립트 스터디
                        ","
마감
",2019-05-20 18:18:59,"
#581620
 정기모임/스터디
"
byeong9935,"
                            
                            Java, Spring 기반 스터디 및 알고리즘 스터디 모집합니다.
                        ","
안녕하세요이번 Java 기반 Spring 스터디, 알고리즘 스터디를 모집합니다.먼저 주말에 하려고 합니다.시간이 되면 알고리즘 이외에 Java 기반 Spring 도 같이 스터디해서 개발하는 것도 생각하고 있습니다.스터디 내용: Leetcode, HackerRank 등 입사에 사용되는 알고리즘 문제                - 1인 1~2문제를 준비해 스터디원들 에게 설명해주는 식                - 모의 기술 면접식으로 서로에게 처음보는 문제를 제시 및 화이트보드에 설명하며 풀기모집 인원    : 5명모임 장소    : 서울 (세부 장소 스터디원 간 협의)모임 시간    : 주 1회 2~3 시간, 주 1회나 월 4회로 생각하고 있습니다. (주말 선호, 스터디원 간 협의)비용            : 화이트보드 있는 스터디룸 대여 비용 1/N모집 대상    : 알고리즘 잘 하시는분을 찾는게 아닌 기본적인 자료구조의 개념과 시간 복잡도가 어떤건지 아시는 수준이면 됩니다. 참여 의향 있으신 분은 댓글과 byeong9935@naver.com 로 성함, 연락처(카카오톡, 휴대폰 무관) 및 간단한 자기소개 (연령대, 직업군 등) 부탁드립니다.
",2019-05-19 20:24:51,"
#581172
 정기모임/스터디
Java
"
블루포도,"
                            
                            블록체인 입문 스터디 모집합니다.
                        ","
블록체인 스터디 / 사이드 프로젝트 팀을 모집합니다.https://www.youtube.com/watch?v=dsbaIUqQFoU&t=37s 빠르고 깊이있게 학습하기 위해서 how to solve it - polya g 의 방법론을 충실히 적용해서 진행해 나갈 것이고위 유튜브 영상에 공감하고, 학습의지가 높으신분, 또 블록체인을 사용하여 프로젝트를 진행해보고 싶은 분들과 함께 하고 싶습니다. 관심있으신 분은 메일 주시면 감사하겠습니다. wlsdl8012@gmail.com
",2019-05-19 00:03:40,"
#581067
 정기모임/스터디
"
메디치,"
                            
                            [6개월간의 스터디]  VR/AR/MR 융합콘텐츠 개발 실무 프로젝트 교육
                        ","
제가
총괄책임을 맡고 있는 과학기술부 인력양성사업,[VR/AR/MR 융합콘텐츠개발 실무 프로젝트] 과정의 서울/가산 교육이 1박2일 워크샵을시작으로 6개월간의 대장정을 시작하였습니다. 많은 응원과 격려 부탁드립니다.교육기간
중에서 유니티 마스터분들, 업계 전문가분들의 특강과 세미나를 공개로 진행할 것이니 많은
관심 주세요.
VR/AR 콘텐츠개발자로 성장하고자 하는 분들에게 좀 더 기회를 드리고자 5/27(월)까지 입과신청을 받고 있으며, 인천/송도 교육은 6/7(금)까지 모집중이니 많은 관심과 지원 부탁드립니다.[2019년
교육 신청] https://goo.gl/VTJDUt[교육소개]- 온오프믹스 https://www.onoffmix.com/event/172959- 슬라이드쉐어 https://bit.ly/2Hksl0K[2018년
교육내용보기] https://cafe.naver.com/ictacademy궁금한
것이 있으면 전화나 5/22(수)에 진행되는 유니티 에듀케이션데이에 오셔서 문의해 주세요.
(사업총괄책임자
이후암 010-4012-6988)
",2019-05-18 21:36:35,"
#581055
 정기모임/스터디
"
코뿔소 한마리,"
                            
                            [교육생 모집] 자율주행SW 개발전문가 교육생 모집
                        ","
자율주행SW 개발자 양성과정 👉 https://bit.ly/2WOBzYF""자율주행SW""분야의 교육과정 소개입니다. 미취업자분들을 대상으로 하여 6개월간 교육비 전액 무료로 진행됩니다. 현재 5/22(수)까지 교육생 모집기간이며, 관심이 있으신 회원님들께서는 위의 링크를 통해 자세한 내용 확인 부탁드립니다.  
",2019-05-17 16:28:18,"
#580833
 정기모임/스터디
"
졸림,"
                            
                            [강남/건대] 자바 기반 디자인패턴 스터디
                        ","
1. 스터디명   : [강남/건대] 자바 기반 디자인패턴 스터디2. 스터디 시간   : 매주 목요일 19:30~21:303. 스터디 예상인원   : 7명4. 참여자격   : 주니어 개발자, 취업준비생, IT 이직 희망자5. 스터디 장소   : 카페 & 스터디룸 (스터디룸 예약시 비용 1/N)6. 내용      :   1) 월 4회 오프라인 모임(2회 연속 불참, 사전 연락없이 불참 시 스터디 제외)   2) 매주 한 가지 주제로 스터디 진행 ( 월 3개의 주제 )   3) 스터디 관련 자료 준비 및 샘플 코드 작성 (2회 연속 준비 못할 시 스터디 제외)   4) 월 1회 약 20여 개의 패턴 중 다음 달 스터디 주제 선정 및 회식 (회식은 필참x, 한시간 이내로 간단하게)   5) 초보자 참여가능 ( 기초적인 자바 문법은 알고 계셔야 합니다. )7. 마감기한   : 19.05.20 까지 (신청자에 따라 조기마감)8. 문의사항   : 오픈카톡 [https://open.kakao.com/o/glvTiWnb]
",2019-05-17 16:27:02,"
#580832
 정기모임/스터디
"
Ggvgh,"
                            
                            홍대합정신촌 해외취업 코딩 인터뷰 스터디 구합니다.
                        ","
안녕하세요.저는 해외 취업을 희망하고 있습니다.자료구조 알고리즘을 새로 공부해야 하는 수준임은 감안해주시면 감사하겠습니다.하지만 mock 인터뷰가 코딩 실력만큼이나 중요하다고 어디서 주워들었습니다.https://www.youtube.com/watch?v=YJZCUhxNCv8해외 취업은 코딩 인터뷰가 필수이니문제 풀기도 바빠 죽겠는데 더군다나 영어로 설명을 해야 하는 인터뷰를 대비해야 합니다.그렇기 때문에 쪼랩 앞에 두고 인터뷰 연습을 하는 것만으로도 참여자분들께 도움이 된다고 감히 말씀드리겠습니다.이것이 저의 유일한 셀링 포인트입니다... 잘 들어드리겠습니다...leetcode.com와 코딩인터뷰 완전 분석 책 문제를 같이 풀까 생각하고 있습니다.함께 진도를 나가도 되고 실력 차이가 월등하다면 각자 진도를 정해서 mock interview를 해도 좋고요.뭐든 말씀만 해 주세요.주중을 희망하고 시간대는 화, 목 저녁 빼면 아무 때나 가능합니다. 사교적 모임을 위한 모임이 아닌 목적을 위해 스터디를 하는 것이니 010-2742-9491로 확실히 생각 있으시다면 연락주세요.시간은 최대한 맞춰볼 생각입니다. 한분만 말씀주셔도 괜찮으시다면 진행하고 싶습니다.감사합니다. 
",2019-05-17 00:00:35,"
#580504
 정기모임/스터디
해외취업 코딩인터뷰 홍대 합정 신촌 알고리즘 알고리즘스터디
"
으잉웅,"
                            
                            [이대역, 영어스피킹] 평일 (월~목) 저녁 초중급 & 중고급 토픽 디스커션 스터디 멤버 충원
                        ","
영어 공부에는 Input(읽기, 듣기)과 Output(말하기, 쓰기)과 어느 정도 균형이 있어야 하는데한국에서는 영어 말할 기회가 정말 적습니다.다양한 영어 회화 표현도 알고 있어야 하지만 조리있게 말하는 연습을충분히 해보아야 자신감을 갖고 침착하게 소통을 할 수 있는 것 같습니다.아무리 좋은 동영상 강의를 많이 들어도 일정량 (임계량) 이상 말을 해보지 않으면자신감이 생길리가 없겠지요.영어카페 내 장소비만 내고 하루 3시간~6시간씩 영어 토론 모임에 참가하여영어로 마음껏 말해보실 수 있습니다.  이대역 2번 출구 앞에 있는 15년된 영어카페 내에서는해외에서 평균 8년 정도 살다온 운영진들이 구심점이 되어평일에는 오전 10시, 오후 1시, 저녁 7시대,주말에는 토 오전 10시, 토 오후 1시, 토 오후 4시대에 레벨별로 3시간씩 영어 토론 모임들이진행되고 있습니다.특히 유학, 교환 학생, 취업 등을 앞두고 집중적으로 말하는 연습이 필요하시거나영어로 의사 소통을 해야 하는 절실한 분들에게적극 추천해드립니다.  쉬운 토픽으로 연습하실 수 있는 초중급 그룹뿐 아니라영자지 칼럼 기사로 내용있는 토론을 하는 중상급 그룹들도 많습니다.이번에 멤버를 충원하는 평일 월~목 저녁 초중급 및 중고급 토픽 디스커션 그룹은 아래와 같이진행되고 있습니다.평일 (월화수목) 저녁 중 원하시는 요일을 정해서 참가하실 수 있습니다. 1) 7:10~8:30 : 해외 유학 경험이 있는 Assistant가 토픽북이나 영자지 기사들을 이용하여 토킹을 진행하는 시간2) 8:40~9:50 : 토픽북에 고른 쉬운 토픽들을 이용한 영어 토론 시간 (자율)영어 말하기 연습이 긴급히 필요하신 분은 모임 운영자 Young에게카톡이나 메일보내보세요~(카톡 아이디 thehonest , 메일 yhhah@hanmail.net )* 외시 (외교원) 준비하시는 분들에게 잘 알려진 곳입니다.  (2013 외시 수석합격자 수기 참조 -아래 후기들에 조금씩 언급되어있네요)   2017년 8월에는 외시 2차 합격자의 40%가 최종 면접 준비를 하셨고,    2018년 8월에는 외시 2차 합격자의 52%가 여기서 진행된 스터디 모임에    참가하기도 하였습니다.   - 2018년 외교원 최연소 합격자 수기     http://cafe.daum.net/thehonest/YT9/112  - 2017년 외교원 합격자 수기     http://cafe.daum.net/thehonest/YT9/111  - 2014년 외교원 합격자 수기    http://cafe.daum.net/thehonest/YT9/108   - 2013년 외시 수석 합격자 수기     http://cafe.daum.net/thehonest/YT9/109   - 일반 회원님의 참가 후기 (이곳의 장점) http://cafe.daum.net/thehonest/YT9/110 * 유튜브 소개 영상https://youtu.be/bsGW5o4KzkI  * * 운영진(토론 리더)의 영어 토론  음성 후기1) https://www.youtube.com/watch?v=kO3NYkXSg3g2) http://cafe.daum.net/thehonest/fpx/2538
",2019-05-16 14:41:15,"
#580219
 정기모임/스터디
#스피킹 #영어스피킹 #토스 #오픽 #이대역 #이대역스피킹 #스피킹스터디 #영어스터디
"
//return void;,"
                            
                            (재능기부) 자바 기초 스터디 모임 평일반 (5월17일부터)
                        ","
지역변수와 필드 그리고 초기화 2 자바 실습과제실습명기간자바교육내용비고윈도우계산기3주 확정클래스, 메소드, 오버로딩, 오버라이딩리스너이벤트, 재귀함수, 공통변수, 스윙SWING을 이용한 윈도우창 계산기 구현키보드 입력컨트롤을 통한 자바 이벤트 처리  장소 : 신림역공간은 추후 공지 시간: 오후 8시~ 10시 반 (2시간)날짜 : 5월 17일 ~ 6월 10일 매주 금요일 4주간준비물 : 노트북 (무조건 필수) 등록방법비용 :  3만원 (모임 1회 7,500원)등록 문의는 아래 오픈 채팅방을 이용해주세요.https://open.kakao.com/o/gOVnM4ob  
",2019-05-16 13:19:30,"
#580162
 정기모임/스터디
"
제로ZERO,"
                            
                            [마감] 구디 독서토론모임 참여자 모집
                        ","
안녕하세요.구로에서 독서 스터디 같이 하실 분을 찾습니다.현재 참여자가 5분인데, 2분 더 모집해봅니다.타 커뮤니티에도 홍보중이라 조기 마감될 수 있습니다.이 점 양해부탁드립니다.<타 독서 모임과 차별화된 점>- 같은 책을 읽는 것이 아닌, 각자 읽고 싶은 책을 정해진 시간동안 읽고, 학습한 내용을 나누고 있습니다.- 모여서 읽는 행위(집중력 강화, 외부적인 모티베이션), 목표량을 직접 정하는 행위(공동체에 공언하기), 학습 나누기(타인에게 설명을 위한 적극적 독서) 등 여러 장치를 통해 효율 높은 학습이 가능합니다.- 평소 읽고 싶었던 책이 있었지만 선뜻 손이 가지 않거나 의지력이 부족했던 분들에게 강력 추천드립니다.<운영방식>자세한 내용은 구로 독서토론모임 페이지에서 확인하실 수 있습니다.http://bit.ly/reading_20191. 진행시간/장소/비용매주 화요일 저녁 19:30분부터 2시간 동안 서울IOT센터에서 진행됩니다.2. 체크인모이면 체크인을 합니다. 체크인은 애자일 실천법에서 자주 사용되는 용어인데, 분위기를 말랑말랑하게 만들고, 일단 입을 여는 게 목적입니다. 짧게라도 돌아가며  얘기를 하는 거죠. 저희 모임에서는 오늘 모임에 기대하는 것과 오늘 읽을 목표량 등을 얘기합니다.체크인도 많은 기법이 있기 때문에 계속 실험적으로 적용해 볼 생각입니다.3. 각자 편하게 읽고 싶은 책 읽기(평소에 읽고 싶었는데 포기했던!!!)타임타이머를 셋팅하고 책을 봅니다. 공간 안에서 편하게 읽으시면 됩니다.체크인하시면서 얘기했던 목표량을 염두하고 읽으시면 됩니다.(목표량 못채운다고 혼나고 그런거 전혀 없습니다. 개인 차원의 수련을 위해 권하는 것 뿐입니다)4. 토론시간각자 책을 읽은 후 공유할만한 내용 1~3개를 포스트잇에 적습니다.돌아가면서 각자 포스트잇 내용을 설명하고, 이에 대한 토론을 진행합니다.궁금한점을 서로 물어보기도 하고, 이에 대한 자신의 경험을 알려주기도 합니다.""패스""라는 비장의 무기가 있어, 자신의 차례에 시간이 남았을때 Skip할 수 있는 방법도 있습니다.편안한 분위기에서 이야기 하다보면 대부분은 시간이 초과되더라구요.5. 회고토론이 끝나면 회고를 진행합니다. 오늘 학습한 것 중심으로 돌아가며 회고를 합니다.오늘 모임에 대한 평점, 자신이 가져갈 액션 아이템 정하기(선택사항) 등을 말하게 됩니다.액션아이템을 여러 사람 앞에 발표함으로서 목표 달성에 한 걸음 더 다가갈 수 있습니다.6. 모임 자체에 대한 회고(필요시)모임 진행방식에 대해서 회고를 합니다. 어떠한 프로세스나 방법론도 정체되면 좋지 않으니까요. 지속적인 개선이 될 수 있도록 프로세스 회고를 하고 마무리합니다.위 모임에 관심있는 분들은 연락주세요.이런분들은 거절합니다.- 스터디가 목적이고, 학습을 돕는 도반이 되길 희망합니다. 이걸 꼭 유념하셔야 합니다.- 타인을 배려하고 존중하셔야 합니다. 여러 명이 토론하는 모임이니 발언권을 독차지하시면 절대 안 됩니다- 책의 주제는 상관없지만, 가급적 같이 나눌만한 내용이어야 합니다. (소설은 스포일러로 인해 제외)<신청방식>메일로 아래 내용을 적어서 메일로 보내주세요.buffy7000@gmail.com - 이름 : - 닉네임 : - 연락처 : - 신청이유(선택사항) : 
",2019-05-16 09:46:21,"
#580021
 정기모임/스터디
"
WebStrom,"
                            
                            IT 연합 동아리 NEXTERS(넥스터즈) 15기 개발자 모집
                        ","
[ #NEXTERS : 15기 모집공고 ]　　“개발자 · 디자이너를 위한 최고의 IT 연합동아리 NEXTERS!”　　NEXTERS #15기_모집 이 시작되었습니다 📢 　　애플리케이션, 웹서비스, 모바일 게임 등 플랫폼과 장르의 구분 없이, IT에 관심이 있는 열정과 재능이 넘치는 15기 멤버들을 기다리고 있습니다.　　NEXTERS는 전문가를 위한 네트워크를 지향하는 연합 IT동아리로서, 학생 ‧ 직장인 구분 없이 다양한 사람들이 모여서 협업을 통해 서비스를 개발 및 출시하며 친목을 다지는 곳입니다. 2012년부터 30여개의 수도권 대학과 스타트업 ‧ 대기업 소속 멤버들이 활동하고 있습니다.　　👉지원 자격　　- 학생 / 직장인 소속에 상관 없이, 개발자/디자이너로 팀 프로젝트 수행이 가능한 분 - 실무에 가까운 협업과 창작하는 즐거움을 경험하고 싶으신 분- 다양한 사람들과 폭 넓고 깊이 있는 네트워킹을 원하시는 분　　👉모집 일정　　- 05.13(월) 15:00 ~ 06.07(금) 23:59 : 서류 접수 - 06.12(수) : 서류 합격자 발표- 06.15(토) ~ 16(일) : 면접- 06.19(수) : 최종 합격자 발표, OT 및 추후 일정 안내　　👉지원 방법　　- NEXTERS 리크루팅 사이트 http://www.teamnexters.com/#recruitment- 사이트에 접속하여 직군에 맞는 지원서를 작성해 주세요.- 지원서는 임시 저장이 불가합니다. 모든 문항을 채워주시고 제출해 주세요.- 2019년 06월 08일 00시 00분에 접수가 마감됩니다. 제출 후에는 수정이 불가능합니다.　　👉지원시 유의사항　　- 디자이너로 지원하시는 경우, 포트폴리오를 제출 해 주셔야 합니다. (지원서 양식을 통해 제출)- 개발자로 지원하시는 경우, 개발 경험을 토대로 질문 양식에 맞춰 답변을 작성해 주셔야 합니다.- 기입하신 개인정보는 넥스터즈 신입 회원 모집과 결과 전달을 위해 사용되며, 지원서 제출 시 개인정보 수집 및 이용에 동의한 것으로 간주합니다. 다른 목적으로는 이용되지 않으며, 모집 기간 완료 즉시 폐기됩니다.- 넥스터즈의 정규활동은 방학동안 진행되며, 2회의 정규활동을 이수하셔야 수료로 인정이 됩니다.　　👉 기타 문의 방법　　- 페이스북 메시지를 남겨주시면 빠르게 답변드리겠습니다. https://web.facebook.com/Nexterspage/- 카카오톡 플러스친구로 문의하기 https://pf.kakao.com/_xdxmnnj
",2019-05-15 09:44:15,"
#579553
 정기모임/스터디
넥스터즈 nexters 개발 동아리
"
//return void;,"
                            
                            (재능기부) 자바 기초 스터디 모임 평일반 (5월17일부터)
                        ","
해당 스터디는 소정의 공간 대여료를 위한 금액만 받고 운영하게될 스터디 모임입니다 @ 커리큘럼 해당 스터디 모임을 통해 클래스 및 객체 지향 언어에 대해 완벽히 이해시켜 드립니다.더 이상 자바 기초때문에 힘들어하지 마세요.진도는 모임에 오시는 분들 수준을 보고 더 많은 내용이 나갈 수도 있습니다.자바로 제대로 돌아가는 프로그램을 한번도 못 만들어 보신 분들에게 추천합니다.(static, 캡슐화, 인터페이스, 상속 등) 1 자바 기초이론JVM을 이해하자클래스의 구조객체를 이해하자지역변수와 필드 그리고 초기화 2 자바 실습과제실습명기간자바교육내용비고윈도우계산기3주 확정클래스, 메소드, 오버로딩, 오버라이딩리스너이벤트, 재귀함수, 공통변수, 스윙SWING을 이용한 윈도우창 계산기 구현키보드 입력컨트롤을 통한 자바 이벤트 처리  장소 : 신림역공간은 추후 공지 시간: 오후 8시~ 10시 반 (2시간)날짜 : 5월 17일 ~ 6월 10일 매주 금요일 4주간준비물 : 노트북 (무조건 필수) 등록방법비용 :  3만원 (모임 1회 7,500원)등록 문의는 아래 오픈 채팅방을 이용해주세요.https://open.kakao.com/o/gOVnM4ob 
",2019-05-14 09:02:36,"
#579011
 정기모임/스터디
"
esen,"
                            
                            (이수,사당) 웹개발분야 스터디 모집합니다
                        ","
언어,실력 상관없이 웹개발분야 하시는분들 정기적으로 만나서카페에서 같이 스터디도 하고 정보공유도 하려고 합니다지역은 이수역 사당역 부근입니다관심있는분들은 카톡 id : skyks4747로 연락바랍니다
",2019-05-13 17:05:25,"
#578822
 정기모임/스터디
"
캐츠비,"
                            
                            [사당]웹개발 책 스터디 6월부터 하실 분 모집합니다.
                        ","
공부분야: 웹개발관련 언어 초~중급수준(ex: 러닝자바스크립트~이픽티브자바스크립트, GOF디자인패턴,이펙티브자바)공부방식: 회의로 책 선정-> 각자 2~4챕터맡은 뒤 ppt준비및 발표, 전체적으로 다 발표한다는 개념보다는 다 읽고 공부 한 상황이기에 main issue& 화두가될만한키워드 조사 및정보공유하는 방식으로 분기별로 책을 2권 이상은 끝내는걸목표. 스터디장소: 사당역 10번출구 근처 스터디카페 예약은 제가 관리한뒤 비용청구현재인원: 3명 신입 웹개발자모집인원: 6월은 스터디룸 예약문제로 1명,7월부터 6명 정도를 유지하는게목표.비용: 스터디룸비용(평균적으로 매주 토요일 6시간정도 대여 4.5만원 오차범위 5천원)요구 수준: 기본서 정도(자바의정석이나 do-it 시리즈 등)는 읽고 초-중급서를 읽는데 무리없는수준.관심있으신분은  오셔서 연락주세요~  모집완료
",2019-05-13 15:00:53,"
#578723
 정기모임/스터디
"
Karen,"
                            
                            [OKKY세미나] MS Imagine Cup 국가대표의 스타트업 도전기 - 창업 실패부터 현재 커리어를 만들기까지
                        ","
OKKY 회원 여러분 안녕하세요!6월 OKKY 세미나에 모실 발표자님은, 이미 아는 분들은 알고 계실‘늦깎이 개발자 실전 프로젝트로 성장하다 (링크)’‘5년차 안드로이드 개발자의 첫 이직 이야기 (링크)’ 의 주인공 이승민님입니다~ :)기계공학에서 컴공으로 전과3개월 간 숙식하며 준비한 Microsoft Imagine Cup에 한국 대표로 진출창업 실패 후 또다시 스타트업에 도전하여 EXIT리멤버(드라마앤컴퍼니)를 거쳐 뱅크샐러드(레이니스트)에 이르기까지“도전”이라는 단어가 정말 잘 어울리는 분이 아닐 수 없는데요~이번 OKKY 세미나에서는 창업 실패부터 현재 커리어를 만들기까지의 FULL STORY를 아낌없이 나누어주신다고 합니다!또한 발표 후에는 추가 패널 두 분 및 참석자분들과 함께 FREE TALKING을 통해 속시원한 질의응답 시간도 가질 예정이오니, 많은 참여 부탁드립니다~ :D참가 대상학생/취준생/신입/주니어 등 개발자 커리어에 관심 있으신 모든 개발자분들　발표자 및 프로그램 소개　이승민2011년부터 안드로이드 개발을 시작하여, 현재는 자산관리 서비스 ‘뱅크샐러드’의 6년차 안드로이드 개발자로 일하고 있습니다.개발 외에도 협업, 사업 등 가치를 만들어가는 일에 관심이 많습니다. 개발은 가치를 위한 수단 중 하나라고 생각합니다.개발만 잘하는 사람보다는 인생을 즐기고, 세상을 아는 사람이 되고 싶습니다. 그래서 사람 만나는 것을 좋아하며 여행, 페스티벌, 축구, 춤, 게임, 애니메이션 등 다양한 취미에 도전합니다.하고 있는 개발 관련 활동 : GDE Android Korea, Droid Nights Organizer 등 지식 공유 및 커뮤니티 활동을 활발히 하고 있습니다.1부 발표 <MS Imagine Cup 국가대표의 스타트업 도전기 - 창업 실패부터 현재 커리어를 만들기까지 (50’)>창업 실패에서 시작하여 현재 뱅크샐러드까지, 어떻게 성장하며 커리어를 만들었는지 소개합니다. 뱅크샐러드로 오면서 느끼고 배웠던 이직에 대한 생각도 나눕니다.2부 FREE TALKING (40')이승민 : 뱅크샐러드. 6년차 안드로이드 개발자노상범 : 개발자 커뮤니티 OKKY 대표 / 개발자 전문 서치펌 eBrain 대표이경일 : 네이버 메인플랫폼 개발랩, 카카오 커머스플랫폼을 거쳐 현재 네이버 비즈서비스 개발 담당　일시 및 장소　일시 : 2019년 6월 13일 (목) PM 8:00 - 9:40장소 : 마루180 - 지하1층 이벤트홀 (지도)서울시 강남구 역삼로 180 (역삼동, 790-6)(역삼역 2번 출구에서 약 700m. 지하 1층)주차는 지원되지 않습니다. 대중교통 이용 부탁드립니다.　등록 방법　참가 신청 설문지 작성 후, 아래 계좌에 참가비를 입금해주세요.참가비 : 20,000원 (입금 선착순 50명)간단한 다과가 제공됩니다.계좌 : 카카오뱅크 3333-06-5259540 / 예금주 : 조혜현등록 확인설문 작성 내용 및 입금 기록을 확인하여 매주 금요일에 참가 확정 안내 메일을 보내드립니다.설문지에 기록한 이름과 예금주가 다를 경우 hhjo@okky.kr 로 따로 알려주세요.등록 취소 신청 시점에 따른 환불 안내 (OKKY 세미나 공통)세미나 3일 전 : 등록 결제 금액의 100% 환불세미나 2일 전 : 세미나 등록 결제 금액의 50% 환불세미나 1일 전 - 세미나 당일 : 환불 불가문의 : hhjo@okky.kr참가 신청
",2019-05-24 15:56:45,"
#583610
 IT 행사
OKKY OKKY세미나 이승민 뱅크샐러드 스타트업 개발자커리어
"
OKKY,"
                            
                            OKKY 정기모임/스터디 게시판 - 유료 과외 및 수익성 프로젝트 모집 글 금지 안내
                        ","
OKKY 회원 여러분, 안녕하세요.OKKY 운영진입니다.정기모임/스터디 게시판에 올라오는 유료 과외 모집글에 대한 피드백이 지속적으로 접수되고 있습니다.정기모임/스터디 게시판은 OKKY에서 직접, 혹은 회원분들이 자발적으로 개최하시는 정기모임과 비수익성 스터디모임을 위해 만들어진 공간입니다.많은 회원분들께서 이를 잘 인지하여 사용하고 계시나, 간혹 유료 과외를 모집하거나 수익성 프로젝트에 참여할 사람을 구하는 ‘구인 활동’을 하는 분들이 계십니다.이와 같이 게시판 취지에 맞지 않는 게시글은, 이 공지사항이 게시된 이후 경고 없이 ‘학원/홍보’ 게시판으로 이동됩니다.또한 이후에도 계속적으로 ‘정기모임/스터디’에 유료 과외 모집글을 올리실 경우, 계정 제재가 이루어질 수 있음을 알려드립니다.관련 문의는 info@okky.kr 로 보내주세요.감사합니다.개발자를 행복하게 해주는 커뮤니티OKKY 운영진 드림
",2018-12-21 17:56:30,"
#534396
 공지사항
OKKY 게시판 스터디
"
OKKY,"
                            
                            OKKY 정기모임/스터디 불법 게시물 공지사항
                        ","
OKKY 회원 여러분, 안녕하세요.OKKY 운영진입니다.최근 정기모임/스터디 게시판에서, 유료 온라인 강의를 타인과 나누어 결제하기 위해 홍보하는 게시물이 발견·신고 되었습니다.이러한 행위는 각 유료 강의를 제공하는 서비스 주체의 이용약관을 위반하는 불법적·비도덕적 행위입니다.이 공지사항이 게시된 이후 유사한 종류의 게시물이 올라올 경우 해당 게시물은 경고 없이 삭제됩니다.또한 해당 게시물을 등록한 회원에게는 1회 경고 메일 발송 후, 동류의 게시물을 재차 등록 시 계정 삭제 조치를 취할 것을 알려드립니다.기존 불법 게시물들에 ‘반대’, 비판 댓글, 신고 등으로 의견을 표해주신 회원분들께 감사드리며,앞으로도 관련 신고는 info@okky.kr 로 부탁드립니다.감사합니다.개발자를 행복하게 해주는 커뮤니티OKKY 운영진 드림
",2018-11-27 11:12:35,"
#525814
 공지사항
OKKY 정기모임/스터디 불법게시물
"
스티브리자바,"
                            
                            (재능기부) 자바 쌩기초 스터디 모임 평일반 (5월17일부터)
                        ","
해당 스터디는 소정의 공간 대여료를 위한 금액만 받고 운영하게될 스터디 모임입니다 @ 커리큘럼 해당 스터디모임을 통해 클래스 및 객체지향언어에 대해 완벽히 이해 시켜 드립니다.더 이상 자바 기초때문에 힘들어하지 마세요.진도는 모임에 오시는 분들 수준을 보고 더 많은 내용이 나갈 수도 있습니다.자바로 제대로 돌아가는 프로그램을 한번도 못 만들어 보신분들에게 추천합니다.(static,캡슐화,인터페이스,상속 등) 1 자바 기초이론 JVM을 이해하자클래스의 구조객체를 이해하자지역변수와 필드 그리고 초기화 2 자바 실습과제실습명기간자바교육내용비고윈도우계산기3주 확정클래스,메소드,오버로딩,오버라이딩리스너이벤트,재귀함수,공통변수,스윙SWING을 이용한 윈도우창 계산기 구현키보드 입력컨트롤을 통한 자바 이벤트 처리  장소 : 신림역공간은 추후 공지 시간: 오후8시~ 10시반 (2시간)날짜 : 5월 17일 ~ 6월 10일 매주금 4주간준비물 : 노트북(무조건필수) 등록방법비용 :  3만원 (모임1회 7500원)등록 문의 아래 오픈 채팅방 이용https://open.kakao.com/o/gOVnM4ob
",2019-05-13 11:09:04,"
#578582
 정기모임/스터디
"
Aug,"
                            
                            [분당][마감] 알고리즘 스터디 하실분들 구합니다.
                        ","
안녕하세요.판교나 서현쪽에서 알고리즘 스터디 하실분들 구합니다.수준은 저도 그렇게 잘하는게 아니라 기본적인 자료구조정도 아시면 될 거 같고요.커리큘럼은 지금 생각중인데 책이나 강의 괜찮은거 하나 잡고 쭉 보면서 온라인저지 문제풀이 하면 될 거 같습니다.일요일 오전이나 오후 생각하고 있고요.자세한 사항은 오픈채팅에서 얘기해보아요
",2019-05-12 18:08:54,"
#578405
 정기모임/스터디
알고리즘 스터디 판교 분당 서현
"
만식이,"
                            
                            [마감][왕십리][주말] 모각코 스터디원 모집 합니다.
                        ","
안녕하세요.왕십리에서 적당한 강제성을 둔 주말 자율 스터디를 운영하고 있습니다.2월부터 진행되어 왔으며, 현재 인원이 비어 충원하고 있습니다.공부를 의욕있게 꾸준히 하실분이 들어오시면 좋겠습니다.===================================================================인원 : 6명(현재 5명)장소/시간 : 왕십리역 스터디룸/일요일(13:00-17:00)비용 : 스터디룸 대여료 (매주 참여 인원에 따라 변동)규칙 : 1. 한달에 2번이상 참여( 미참여 시 퇴출)          2. 사유 없이 한 시간 이상 지각도 결석 처리          3. 시작 시 각자 공부할 내용 간단하게 공유, 종료 30분전 공부 내용 질의 및 공유              ( 중간 중간 질의 상관없음)===================================================================     서로에게 도움이 되는 스터디가 됬으면 좋겠습니다. 같이 하실 분은 skyred41@gmail.com로  간단한 소개 ( 나이 / 성별 / 경력 / 기타(공부하고자 하시는 내용) 보내주시면 감사하겠습니다.
",2019-05-12 16:12:48,"
#578392
 정기모임/스터디
"
ITbeginner,"
                            
                            [안산] 스프링/스프링부트 스터디 하실 분 구합니다
                        ","
안산 스프링 스터디목적 : 개인간의 협업 및 스프링 부트 기술 향상사용 프레임워크 : 자바 스프링 프레임워크인원(예상) : 4 ~ 6명 (현재 4명 있습니다.)기간 : 팀 포트폴리오 완성될 때까지장소 : 경기도 안산모임 시간 : 일요일 오전 11시(일주일에 한 번)이제 각자 모여서 개인 프로젝트로 게시판 제작을 한달간 하려고 있습니다.  - 1주 : 스프링 부트 mybatis 설정잡는 방법 - 2~3주 : CRUD로 게시판 생성 - DB 설계 - 4주 : 로그인 기능 및 권한코드관리는 깃허브로, 매주 스터디 형식으로 코드리뷰를 할 예정입니다.그리고 새로 들어 오시는 분들은 적응기간으로 한달간 개인 프로젝트로 게시판을 만들어서 코드 리뷰하는 시간을 가질 예정입니다. (현재는 같이 한달간 발표를 같이 하려고 합니다. 현재 2주차)https://open.kakao.com/o/gTPR06mb 또는 cjswo9207로 카카오톡 친구로 연락해주시면 됩니다
",2019-05-12 13:38:03,"
#578377
 정기모임/스터디
"
닥스,"
                            
                            (마감)[서울] 알고리즘/기술면접 스터디 하실분
                        ","
서울에서 입사용 알고리즘 문제 같이 공부하실 분 찾습니다.스터디 내용: Leetcode, HackerRank 등 입사에 사용되는 알고리즘 문제                        - 1인 1~2문제를 준비해 스터디원들 에게 설명해주는 식                        - 모의 기술 면접식으로 서로에게 처음보는 문제를 제시 및 화이트보드에 설명하며 풀기모집 인원    : 2~3명 (현재 2명, 최대 5명)모임 장소    : 서울 (세부 장소 스터디원 간 협의)모임 시간    : 주 1~2회 2~3 시간 (주말 선호, 스터디원 간 협의)비용            : 화이트보드 있는 스터디룸 대여 비용 1/N모집 대상    : 알고리즘 잘 하시는분을 찾는게 아닌 기본적인 자료구조의 개념과 시간 복잡도가 어떤건지 아시는 수준이면 됩니다. 관심 있으신 분은 https://open.kakao.com/me/dannyboy 로 연락 주시면 감사하겠습니다.
",2019-05-12 10:09:18,"
#578355
 정기모임/스터디
알고리즘 스터디 기술면접
"
오징어,"
                            
                            [서울]포트폴리오용 프로젝트 같이 하실 분 구합니다.
                        ","
저는 프론트엔드 공부하고 있습니다. 리액트, 타입스크립트, 연습하고 있는데요, 저는 백엔드쪽 지식이 부족해서 어려움을 겪고 있는데, css, html 관련해서 어려움을 겪고 계신 백엔드 개발자님들과 같이 협업해보고 싶습니다.관심있으신분 메일 주세요 idjjm92@gmail.com
",2019-05-09 23:05:17,"
#577789
 정기모임/스터디
"
바e카e라,"
                            
                            [부산] 재능 교환 (원하시는 디자인 툴 ⟷ 자바스크립트나 리액트)
                        ","
눈팅 중에 재능 교환 관련 스터디 글이 올라와서 유심히 봤어요.웹 앱 기술을 가르쳐 주시고 대신 디자인 툴을 배우시겠다하셨는데지역이 제주도셔서 ㅠㅠ 아쉬웠습니다... ㅠㅠ혹시 부산에 재능 교환 하실 분 계신가요?저는 디자이너이고 웬만한 디자인 툴은 알려드릴 수 있을 것 같아요(포토샵, 일러스트, 스캐치앱 등등)저에게는 리액트나 자바스크립트에 대해서 알려주시면 됩니당(프레이머에 사용되는 코드를 이해하고 응용하기 위함입니다!)연락은카카오 아이디인 kaaakaaaoooo 여기로 카톡보내주시거나 댓글 달아주세요!저는 백수다보니... 시간은 24시간 다 가능하니 편하게 연락주세요 >.<감사합니다
",2019-05-09 21:09:54,"
#577758
 정기모임/스터디
Framer 디자인 포토샵 자바스크립트 리액트
"
비비비빅,"
                            
                            [모각코] 일산
                        ","
  저는 Spring Framework 사이드프로젝트를 해볼 계획이고 연락 주시는 분들 시간맞춰서 시간이나 장소 정할 예정이에요~ ㅎㅎ     ( 평일 퇴근 이후 시간이나 주말 ) 2~3시간 정도 각자 편하게 동기부여 해가며 공부하는 시간 가지면 좋겠네요  일산에 계시면서 공부해야지 마음만 먹고 막상 제대로 못하고 계신분들 연락주시면 될 것 같습니다~ 링크 - https://open.kakao.com/o/gtjuHCob 
",2019-05-09 11:25:30,"
#577431
 정기모임/스터디
"
찌닐,"
                            
                            가디역에서 리액트네이티브,파이어베이스 스터디 하실분 모집합니다.(현재 4명)
                        ","
부천이나 가디역 등지에서 리액트네이티브 스터디하실분 구합니다.현재 3개월째 운영되고 있고 안드로이드 하다가 리액트로 넘어왔습니다.현재 인원은 4명이고 추가로 1~2명 모집합니다.회비는 한달에 2~3만원 생각하고 있습니다(대충하시는 분들은 사절합니다)모두 직장인들이고 개발경력은 동일하게 1~2년 사이입니다.(나이는 20대후, 30대초)개발목표 : 1.React native , 2.Vue.js백엔드 1.Firebase , 2.naver 클라우드모집구분 : 개발자, 퍼블리셔, 디자이너, 기획 등모임날짜: 토요일 or 일요일협업을 위해 주셔야될 아이디 : 트렐로, firebase(구글), github  같이 개발해서 포트폴리오 만들고 앱 출시도 해서 수익도 내는것을 목표로 합니다.개발방식 : 기획안에 맞춰서 각자 영역을 나워서 개발한후, 모임날에 어려운 부분을 공유하고 함께 해결함010-9522-200팔
",2019-05-08 13:36:25,"
#576998
 정기모임/스터디
react firebase
"
상연님,"
                            
                            [마감] 간단한 사이드프로젝트 만들어보기 스터디원을 모셔봅니다.
                        ","
안녕하세요저는 현재 풀스택을 꿈꾸면서 스타트업에서 프론트엔드 개발자로 일하고있습니다.간단한 사이드프로젝트를 기획부터 도전하고자 합니다.저는 현재 react로 일하고 있습니다.백엔드는 아주 기초단계 지식만 가지고있어서현직 백엔드개발자분이 오시면 더 좋을것 같지만프론트엔드 개발자분들도 환영합니다.엄청나게 디테일하게 파고들어 만드는 스터디가 아닌웹서비스에 전반적인 flow와 셋팅을 너프하게 완성하여 서비스해보고""아~ 전체적으로 이렇게 웹서비스를 만들고 서비스 하는구나""하고 느껴보는 스터디로 생각하고 있습니다.완성되고 잘 끝난다면 더 디테일하게 리펙토링 연장 스터디도 생각중입니다.평일 퇴근후 코딩보다토요일 모여 아이디어 회의도 하고코딩도해서 간단한 웹서비스를 만들어보고 싶습니다.관심있으신분은 메일주시면 감사하겠습니다!wantbycre@gmail.com장소홍대 스터디룸 or 연신내 일공공회비각자 장소비기술- react, next, typescrpt, graphql- webpack- nodejs, rethinkDB, mongodb- RestAPI- 서버리스, now, AWS커리큘럼: 간단한 데이터 주고받는 사이트 기획: 서버 설계, 셋팅: 화면 설계, 셋팅: 서버 화면 연결: 배포: 이후 리펙토링이렇게..많은분들이 지원해주실줄 몰랐습니다..Okky 감사합니다..좋은사람들과 좋은 스터디가 되었으면 좋겠습니다.
",2019-05-08 13:05:36,"
#576977
 정기모임/스터디
"
leafy,"
                            
                            [노원역] 자바 기반 주니어 개발자 스터디원 모집합니다. (토요일)
                        ","
안녕하세요저는 이제 막 자바 기반의 벡엔드 개발자로 취업한 주니어 개발자입니다.성장에 대한 갈증을 해소하고, 조금 더 나은 개발자가 되기 위해 스터디를 구해보려고 했으나 제가 원하는 여건의 스터디를 구하기가 쉽지 않아서 직접 모임을 만들어보려고 합니다. 시니어가 스터디원을 이끌어가면서 배우는 스터디가 아니기 때문에 단순히 배워가는 것에만 목적을 두신분들은 정중히 거절합니다. 또한, 모두에게 소중한 주말의 시간을 할애하여 참여하는 것이기 때문에 정말 배우고자 하는 욕심이 강한 분이 참여해주셨으면 합니다. (함께 기술 덕후가 되고 싶으신 분)인원 : 4 ~ 6명장소 : 노원역 인근 스터디룸 또는 카페 (미정)비용 : 스터디룸 대여 비용 ( 1 / N )시간 : 매주 토요일 13 : 00 ~ 16 : 00 (시간은 추후에 모집된 스터디원들과 협의할 예정)모집 대상 : 함께 기술 덕후가 되고 싶으신 분 (대학생, 주니어 개발자, 취준생)모집 기간 : ~ 05월 17일첫 모임 : 05월 18일 토요일 13 : 00내용 함께 관심사 주제를 정하고나서 해당 주제에 대하여 특정 기간의 세션을 정하고, 매주 공부하여 관련 자료와 샘플 코드를 함께 발표.디테일한 내용은 스터디원이 모두 확정될 경우 협의하려고 합니다. :)스터디 참여 문의는 icarus8050@naver.com 으로 메일 부탁드립니다.문의 시, 간단한 자기소개와 현재 관심사 기술을 함께 보내주시면 감사드리겠습니다.
",2019-05-07 22:51:28,"
#576776
 정기모임/스터디
"
커리히,"
                            
                            R 스터디 초급 하실분 모집합니다.
                        ","
안녕하세요.R 스터디 초급 온라인 스터디 모집합니다.관심있으신 분 카톡으로 말씀주세요.https://open.kakao.com/o/szH96tob
",2019-05-07 18:06:44,"
#576703
 정기모임/스터디
"
brainull,"
                            
                            [모각코] 서울숲 JAVA 토요일 오후 2시 (끌올)
                        ","
매주 토요일 오후2시에 서울숲 근처에서 주로 모이는 모각코(모여서 각자 코딩) 홍보합니다.별다른 규칙 없이 편하게 나와서 각자 코딩하고 기술 공유하는 모임입니다.카카오오픈채팅검색어: 서울숲 모각코모임명: 서울숲 java 모각코(모여서 각자 코딩)검색해주세요 :)
",2019-05-07 14:01:21,"
#576528
 정기모임/스터디
모각코 서울숲 JAVA
"
퐁듀,"
                            
                            [강남역] 월/목/토 퇴근 후 정기 각코모임 모집합니다.
                        ","
저녁 8시부터 10시까지 스터디룸 빌리거나, 카페에서 그때그때 상황에 맞춰 각자 코딩모임 진행합니다~현재 두 명 있구요, 최대 다섯명 까지는 모집하려고 합니다.실력차를 떠나서, 퇴근 후에 공부하려는 습관 만드는 것에 의의를 두려고 합니다. 함께 모여서 각자의 실력을 업그레이드 할 수 있는 시간을 만들었으면 좋겠습니다.모이는 것에 강제성은 없습니다. 회식이 있기도 하고, 야근이 있기도 하니 자유롭게 참석하시는 분들만 스터디룸 대여료(보통 1인, 2시간 2400원)가 있구요, 카페일경우는 음료값.각자 1시간 30분정도 공부/인강/코딩/프로젝트 등등 하시다가, 마지막 20~30분정도에 리뷰하는 형식으로 진행하려고 합니다.리뷰형식도 자유롭게, 그날 하셨던 내용들 훑어주시면 됩니다. 월요일 / 목요일 / 토요일 저녁 8시~10시 희망하시는 분들은010-4587-6180으로 연락 바랍니다.
",2019-05-07 09:05:07,"
#576385
 정기모임/스터디
"
ITbeginner,"
                            
                            [안산] 스프링/스프링부트 함께 하실 분 모집합니다.!!
                        ","
목적 : 개인간의 협업 및 스프링 부트 기술 향상사용 프레임워크 : 자바 스프링 프레임워크인원(예상) : 4 ~ 6명 (현재 3명 있습니다.)기간 : 팀 포트폴리오 완성될 때까지장소 : 경기도 안산모임 시간 : 일요일 오전 11시(일주일에 한 번)이제 각자 모여서 개인 프로젝트로 게시판 제작을 한달간 하려고 있습니다.  - 1주 : 스프링 부트 mybatis 설정잡는 방법 - 2~3주 : CRUD로 게시판 생성 - DB 설계 - 4주 : 로그인 기능 및 권한코드관리는 깃허브로, 매주 스터디 형식으로 코드리뷰를 할 예정입니다.그리고 새로 들어 오시는 분들은 적응기간으로 한달간 개인 프로젝트로 게시판을 만들어서 코드 리뷰하는 시간을 가질 예정입니다. (현재는 같이 한달간 발표를 같이 하려고 합니다.)https://open.kakao.com/o/gTPR06mb또는 cjswo9207로 카카오톡 친구로 연락해주시면 됩니다
",2019-05-05 12:29:49,"
#576175
 정기모임/스터디
"
YouKit,"
                            
                            [마감] Vue.js,바닐라JS 스터디 모집합니다.
                        ","
--
",2019-05-04 22:07:31,"
#576124
 정기모임/스터디
Vue
"
레니 크래비츠,"
                            
                            [제주도] 개발 <-> 디자인 재능 교환 하실분 찾아요
                        ","
 저는 현재 웹/앱 개발을 하고 있습니다.디자인을 배워보고 싶은데요. 혹시 제주도 거주 하시는 웹/앱 디자이너 분 중에 재능 교환하실 분을 찾습니다.저는 웹/앱 기술을 가르쳐 드리고 저한테는 디자인 전반에 대해서 가르쳐 주시면 될거 같습니다.서로 준비한거를 스터디하는 형식으로  진행하면 될 거 같습니다.관심 있으신분은 아래의 메일로 연락주세요.purpleocean1981@nate.com  
",2019-05-04 13:38:55,"
#576081
 정기모임/스터디
"
gRac,"
                            
                            Rxjava 과외
                        ","
안녕하세요.안드로이드 rxjava 과외하시는분이있을까요?댓글로 카카오아이디 또는 이메일 남겨주시면 감사합니다.
",2019-05-04 02:31:43,"
#576046
 정기모임/스터디
"
졸림,"
                            
                            [강남/건대] 자바 기반 디자인패턴 스터디
                        ","
1. 스터디명   : [강남/건대] 자바 기반 디자인패턴 스터디2. 스터디 시간   : 매주 목요일 19:30~21:30(조정가능) 19.05.16 ~ 3. 스터디 예상인원   : 5~7명4. 참여자격   : 주니어 개발자, 취업준비생, IT 이직 희망자5. 스터디 장소   : 카페 & 스터디룸 (스터디룸 예약시 비용 1/N)6. 내용      :   1) 월 4회 오프라인 모임(2회 연속 불참 시 스터디 제외)   2) 매주 한 가지 주제로 스터디 진행 ( 월 3개의 주제 )   3) 스터디 관련 자료 준비 및 샘플 코드 작성 (2회 연속 준비 못할 시 스터디 제외)   4) 월 1회 약 20여 개의 패턴 중 다음 달 스터디 주제 선정 및 회식 (회식은 필참x, 한시간 이내로 간단하게)   5) 초보자 참여가능 ( 기초적인 자바 문법은 알고 계셔야 합니다. )7. 마감기한   : 19.05.12 까지8. 문의사항   : 오픈카톡 [https://open.kakao.com/o/glvTiWnb]
",2019-05-03 13:42:43,"
#575789
 정기모임/스터디
"
lightsail,"
                            
                            분당 리액트 스터디 구합니다.
                        ","
아주 기본적인 HTML/CSS/JS 지식은 알고 계시면 더 좋을것 같구요.격주로 오프라인, 온라인 모임을 번갈아 하는것을 생각중입니다공부 방식은 레퍼런스 및 velopert님 블로그 통해 공부하고 간단한 프로젝트 만들어보려고 생각중인데일정이나 방식은 함께 더 조율해보면 좋을것 같습니다.그럼 연락 주세요 :)오픈카톡방https://open.kakao.com/o/sDud6Unb
",2019-05-03 04:20:10,"
#575623
 정기모임/스터디
"
